名称,户型,地区,售价,总价/万
之江公寓 小户型，南北通透，户型方正，得房率高。,3室2厅1卫·87.84  平米  ·  南北  ·  中楼层/6层  ·  简装,彩虹城 之江公寓,单价45082元/m²,396
绿洲花园上塘河景观,3室2厅2卫·117  平米  ·  南北  ·  中楼层/19层  ·  简装,打铁关 绿洲花园,单价51282元/m²,600
曙光新村 两房朝南  不占学籍 精装修带院子  看房有钥匙,2室1厅1卫·52.34  平米  ·  南  ·  底层/5层  ·  精装,黄龙 曙光新村,单价72602元/m²,380
物华小区 翠苑文华 两房朝南 东边套 正对花园,3室2厅1卫·117.25  平米  ·  南  ·  高楼层/7层  ·  简装,文一西路 物华小康居住区,单价35821元/m²,420
永兴坊 标准一室格局 主卧朝南 中楼层 采光优异,1室1厅1卫·52.74  平米  ·  南  ·  中楼层/21层  ·  简装,拱宸桥 永兴坊,单价28441元/m²,150
月桂苑新上正气大三房，装修清爽好楼层，安家在杭家！,3室2厅1卫·89.61  平米  ·  南北  ·  中楼层/5层  ·  简装,石桥 北景月桂苑,单价28457元/m²,255
永康苑 ，户型正气 南北通透 一梯两户 小三房 性价比高,3室1厅1卫·77.75  平米  ·  南北  ·  底层/7层  ·  简装,宝善 永康苑,单价39871元/m²,310
嘉绿苑西 飞机户型 不沿马路 诚心卖  中间楼层,3室2厅1卫·102.74  平米  ·  南北  ·  中楼层/5层  ·  毛坯,文二西路 嘉绿苑西,单价47499元/m²,488
求是村 稀缺三房 户型正气 房东诚心出售 东边套,3室1厅1卫·77  平米  ·  南北  ·  中楼层/7层  ·  简装,黄龙 求是村,单价70130元/m²,540
临江花园 南北通透。江景房，小区绿化率高 自住精装,4室2厅2卫·171  平米  ·  南北  ·  中楼层/29层  ·  精装,彩虹城 临江花园,单价35088元/m²,600
维元弄 户型好 采光好也好 中间楼层 欢迎来电,2室1厅1卫·85.25  平米  ·  南北  ·  底层/20层  ·  毛坯,湖墅 维元弄,单价35777元/m²,305
业主15万自住精装修，入住不到两年，现置换诚售价格可谈！,2室1厅1卫·50.67  平米  ·  南  ·  低楼层/7层  ·  简装,湖墅 五一新村,单价46379元/m²,235
田园公寓，东边套，全明户型，房东诚心出售,2室2厅1卫·68.54  平米  ·  南北  ·  中楼层/5层  ·  简装,半山田园 田园公寓,单价29180元/m²,200
运河广场旁 登云阁 精装两房 房龄03年 步行5分钟配套齐全,2室2厅1卫·59.71  平米  ·  南  ·  中楼层/7层  ·  简装,拱宸桥 登云阁,单价39357元/m²,235
景观房  户型正气,2室1厅1卫·56.5  平米  ·  西北  ·  高楼层/19层  ·  简装,德胜 远大花园,单价40708元/m²,230
锦绣新村 两房朝南 南北通透 得房率高 三房户型。,3室1厅1卫·77.46  平米  ·  南  ·  高楼层/7层  ·  简装,湖墅 锦绣新村,单价41312元/m²,320
书林苑 2房2厅 生活配套齐全  改善型小区,2室2厅1卫·91.11  平米  ·  南北  ·  高楼层/6层  ·  简装,良渚 书林苑,单价21073元/m²,192
世纪坊 胜利本部新出 带大露台无税 单价低房东诚心出售 可看,2室1厅1卫·86.54  平米  ·  南北  ·  顶层/7层  ·  简装,近江 世纪坊,单价46221元/m²,400
浅水湾全明两室 装修清爽 卖鱼桥本部 设施齐全 交通便利,2室2厅1卫·74.22  平米  ·  东  ·  高楼层/25层  ·  简装,湖墅 浅水湾城市花园,单价45810元/m²,340
金茂悦 城西银泰附近  次新小区,3室2厅2卫·88.96  平米  ·  南北  ·  顶层/27层  ·  简装,申花 金茂悦,单价53957元/m²,480
嘉里桦枫居 ，嘉里开发商，品质有保障，小区环境好，自带游泳池,4室2厅2卫·131.43  平米  ·  南北  ·  顶层/17层  ·  毛坯,石桥 嘉里桦枫居,单价32717元/m²,430
相江公寓 精装好房，楼层好，可看江，房东诚售,2室2厅1卫·88.33  平米  ·  南  ·  高楼层/24层  ·  精装,九堡 相江公寓,单价37360元/m²,330
戒坛寺巷 精装修两房，中间楼层，全明户型。小区安静,2室1厅1卫·47.35  平米  ·  南  ·  中楼层/7层  ·  精装,武林 戒坛寺巷,单价61246元/m²,290
德胜东村 小区中间位置，边套户型 中间楼层 诚心卖,1室1厅1卫·46.89  平米  ·  南  ·  中楼层/7层  ·  毛坯,德胜 德胜东村,单价36255元/m²,170
都市阳光和苑 全明户型 客厅带阳台 采光好,2室2厅1卫·62.14  平米  ·  南  ·  中楼层/28层  ·  简装,三墩 都市阳光和苑,单价31381元/m²,195
盈都揽悦 82方中间套 满二年 带装修 楼层视野好 近下沙,3室2厅1卫·82  平米  ·  南  ·  高楼层/29层  ·  精装,奥特莱斯 盈都揽悦,单价20244元/m²,166
东方郡 新上房源 随时看房，两房朝南，楼层好，江南实验,2室2厅1卫·86.93  平米  ·  南  ·  高楼层/33层  ·  精装,滨江区政府 东方郡,单价53491元/m²,465
十五家园 大气三房 中间楼层 户型正气 南北通透 交通便利,3室1厅1卫·69.16  平米  ·  南北  ·  顶层/7层  ·  简装,环北市场 十五家园,单价38751元/m²,268
北景枫丹苑 新出笋盘 楼层好户型正 诚售！,2室2厅1卫·88.74  平米  ·  南北  ·  低楼层/18层  ·  毛坯,石桥 北景枫丹苑,单价25918元/m²,230
太阳国际 自住精装修三室 全明户型东西全送,3室2厅2卫·129.1  平米  ·  南北  ·  低楼层/33层  ·  精装,彩虹城 太阳国际,单价48799元/m²,630
郡上蓝湾 3开间朝南 中间楼层 高品质小区 房东诚心出售,3室2厅2卫·87.21  平米  ·  南  ·  中楼层/17层  ·  毛坯,丁桥 郡上蓝湾,单价25800元/m²,225
杨家春晓   新上 三房 边套户型 南北通透采光好,3室2厅1卫·89.54  平米  ·  南  ·  低楼层/15层  ·  简装,石桥 杨家春晓,单价31829元/m²,285
太阳国际 太阳国际自住精装修三室 全明户型,3室2厅1卫·129.61  平米  ·  南北  ·  低楼层/33层  ·  精装,彩虹城 太阳国际,单价46678元/m²,605
篁外山庄 ，中装修，两梯两户户型，三房户型，诚心出售,2室2厅1卫·89  平米  ·  南北  ·  高楼层/17层  ·  简装,转塘 篁外山庄,单价32584元/m²,290
太阳国际50年产权 ，精装修江景房管道煤气客厅朝西，全明户型,1室1厅1卫·64.23  平米  ·  西  ·  低楼层/33层  ·  精装,彩虹城 太阳国际,单价27246元/m²,175
钱塘景苑 两房  高楼层采光视野好,2室2厅1卫·92.42  平米  ·  南  ·  高楼层/12层  ·  简装,彩虹城 钱塘景苑,单价41658元/m²,385
七古登教委宿舍  户型方正 沿河 风景好 价格低 两房朝南,2室1厅1卫·63.84  平米  ·  南  ·  中楼层/6层  ·  简装,拱宸桥 七古登教委宿舍,单价34461元/m²,220
良渚新城89方 赠送地下室68方 赠车位上下可打通 可做电商,3室2厅2卫·89.19  平米  ·  南  ·  底层/18层  ·  毛坯,良渚 昆仑玉府,单价28591元/m²,255
大学路新村 自住精装小套 南北通透 看房方便！！！,1室0厅1卫·37  平米  ·  南北  ·  底层/7层  ·  精装,潮鸣 大学路新村,单价44595元/m²,165
大塘新村，中间楼层，卖掉换房，两房朝南。,3室1厅1卫·70.35  平米  ·  南北  ·  中楼层/6层  ·  毛坯,湖墅 大塘新村,单价45487元/m²,320
星河明苑，交通方便，地段好。靠河边，东边套 诚心出售,2室1厅1卫·65.04  平米  ·  东北  ·  低楼层/18层  ·  精装,湖墅 星河明苑,单价46125元/m²,300
博奥城 南北通 夹边套  大阳台 楼层好 随时看房,3室2厅1卫·89.13  平米  ·  南  ·  高楼层/30层  ·  毛坯,萧山经济开发区 博奥城,单价39268元/m²,350
次新房，紫郡东边套，带50方露台。前面是景观游泳池，无遮挡,3室2厅2卫·139.01  平米  ·  南  ·  低楼层/19层  ·  毛坯,三墩 紫郡东苑,单价33451元/m²,465
华元十六街区 文泽路E口经典loft近6米朝南可3室诚心出售,2室2厅1卫·44  平米  ·  南  ·  高楼层/16层  ·  简装,文泽 华元十六街区,单价22727元/m²,100
清爽毛坯4房 全明东边套 正对小区景观泳池,4室2厅2卫·136.46  平米  ·  东南  ·  低楼层/19层  ·  毛坯,万达广场 香榭里,单价32977元/m²,450
永兴坊，57.9方，一室一厅，南北通透，配套齐全,1室1厅1卫·57.94  平米  ·  南  ·  顶层/21层  ·  精装,拱宸桥 永兴坊,单价31930元/m²,185
采荷绿萍 两房户型、南北通透、采光好、配套齐全,2室2厅1卫·58.48  平米  ·  南北  ·  顶层/6层  ·  精装,南肖埠 采荷绿萍,单价40698元/m²,238
西湖附近 长寿春雷，正气三房 边套,3室1厅1卫·79.46  平米  ·  南北  ·  中楼层/6层  ·  简装,众安桥 竹竿巷,单价54493元/m²,433
新出篁外清水毛坯 房东诚心呀 有钥匙 随时看房,2室2厅1卫·86.56  平米  ·  南北  ·  高楼层/17层  ·  毛坯,转塘 篁外山庄,单价35236元/m²,305
篁外新出好房 纯毛坯 楼层佳 有钥匙 随时可看,3室2厅1卫·88.86  平米  ·  南北  ·  高楼层/17层  ·  毛坯,转塘 篁外山庄,单价35449元/m²,315
翰林花园 精装三房 随时看房,4室2厅2卫·150.89  平米  ·  南北  ·  高楼层/18层  ·  精装,潮鸣 翰林花园,单价43078元/m²,650
稻香园南区 东边套全明，千年运河景观，可览西湖文化广场,3室2厅2卫·125.79  平米  ·  东南  ·  高楼层/18层  ·  精装,湖墅 稻香园南区,单价43724元/m²,550
钱江华府 没有装修 买家可以自行设计 南北通透 东边套户型,4室2厅2卫·127.29  平米  ·  南北  ·  中楼层/18层  ·  毛坯,景芳 钱江华府,单价47136元/m²,600
北城枫景园，毛坯自主装修，楼层好，位置好，房东诚心出售,3室2厅1卫·82.05  平米  ·  南北  ·  低楼层/17层  ·  毛坯,丁桥 北城枫景园,单价24375元/m²,200
钱塘玫瑰湾次新小区大四房东边套户型方正全明,4室2厅2卫·129.01  平米  ·  南北  ·  低楼层/31层  ·  毛坯,浦沿 钱塘玫瑰湾,单价46508元/m²,600
江南国美家园 柳岸晓风旁边，西边套，送80方露台，纯毛坯,4室2厅3卫·201.84  平米  ·  南北  ·  顶层/22层  ·  毛坯,彩虹城 江南国美家园,单价41122元/m²,830
户型正气、配套成熟、采光不受影响 房东诚心出售,3室2厅2卫·119.71  平米  ·  南北  ·  中楼层/13层  ·  毛坯,金沙湖 龙湖滟澜山,单价40097元/m²,480
诚心出售，不沿马路，三梯四户，看房方便，,2室2厅1卫·89.71  平米  ·  南  ·  高楼层/24层  ·  毛坯,申花 上尚庭,单价51276元/m²,460
西湖附近 全明户型 东边套 南北通透 小区位置 好 天长,2室1厅1卫·56.95  平米  ·  南北  ·  低楼层/5层  ·  简装,湖滨 宋浇造巷,单价69886元/m²,398
云河大厦大一房 有管煤 朝南 清爽装修 阳光充足 三口之家,1室1厅1卫·51  平米  ·  南  ·  高楼层/18层  ·  精装,湖墅 云河大厦,单价34314元/m²,175
全新万科精装+高层江景西边套+无敌采光视野+物美旁、滨文教育,3室2厅2卫·167.93  平米  ·  南北  ·  高楼层/20层  ·  精装,浦沿 逸天广场,单价45852元/m²,770
凤起都市花园 四室两厅两卫 电梯 小区环境好 采广无敌 青蓝,4室2厅2卫·207  平米  ·  南北  ·  高楼层/26层  ·  精装,长庆 凤起都市花园,单价45894元/m²,950
嘉绿西苑 低总价三房 诚心出让 半毛坯 采光好 位置理想,2室2厅1卫·71.06  平米  ·  南北  ·  低楼层/6层  ·  简装,文二西路 嘉绿苑西,单价45736元/m²,325
十五家园 性价比高 地段好 小区闹中取静,2室1厅1卫·38.89  平米  ·  西北  ·  中楼层/8层  ·  简装,环北市场 十五家园,单价46284元/m²,180
拱宸新苑  两房朝南 带阳台的 厨房朝北有窗户的,2室2厅1卫·77.05  平米  ·  南北  ·  中楼层/6层  ·  精装,拱宸桥 拱宸新苑,单价36989元/m²,285
魅力之城 精装修两房 可以拎包入住,3室2厅1卫·89.53  平米  ·  南  ·  中楼层/17层  ·  简装,九堡 魅力之城,单价31833元/m²,285
华元十六街区 （精）文泽E出口|朝南新装|大落地窗|诚心卖,1室1厅1卫·43.93  平米  ·  南  ·  低楼层/16层  ·  精装,文泽 华元十六街区,单价13658元/m²,60
红苹果 全明西边套 三房朝南 楼层好 采光佳 视野好,3室2厅2卫·118.28  平米  ·  西南  ·  低楼层/18层  ·  简装,九堡 红苹果家园,单价28745元/m²,340
赞成岭上花苑 精装三房户型 满五年 房东诚售,3室2厅1卫·88.37  平米  ·  南北  ·  低楼层/17层  ·  简装,转塘 赞成岭上,单价32251元/m²,285
三房两卫 总价低 看房方便 房东诚心卖,3室2厅2卫·118.18  平米  ·  南北  ·  中楼层/7层  ·  简装,文三西路 紫金庭园,单价44847元/m²,530
朝晖八区 新上两房南 40方左右院子 停车方便近地铁3号线,2室1厅1卫·51.09  平米  ·  南  ·  底层/6层  ·  简装,朝晖 朝晖八区,单价41104元/m²,210
港湾家园 新上100方两房户型  装修清爽 拎包入住,2室2厅1卫·100.4  平米  ·  南  ·  顶层/18层  ·  简装,申花 港湾家园,单价51295元/m²,515
景芳新五区 南北通透 小区中间位置 小户型总价低 有钥匙,2室1厅1卫·41.01  平米  ·  南  ·  高楼层/7层  ·  简装,景芳 景芳新五区,单价43892元/m²,180
江悦城 （新上精装三房）一线江景房  户型正气  采光视野好,3室2厅2卫·86  平米  ·  东南  ·  中楼层/33层  ·  精装,奥特莱斯 江悦城,单价20930元/m²,180
永和坊 新上好房，房东诚心卖，精装修拎包入住,2室1厅1卫·64.19  平米  ·  南  ·  中楼层/19层  ·  简装,拱宸桥 永和坊,单价30379元/m²,195
全明南北通透，自住装修，拎包入住，采光无遮挡！,2室2厅1卫·106.02  平米  ·  南  ·  低楼层/12层  ·  精装,丁桥 丁桥兰苑,单价24052元/m²,255
滨和花园 好房新出 黄金楼层 满五年 自住精装修,2室2厅1卫·83.97  平米  ·  南北  ·  中楼层/12层  ·  精装,滨江区政府 滨和花园,单价48827元/m²,410
金泊林公寓 中等装修 三房全明户型  楼层高 直梯入户,3室2厅1卫·89.79  平米  ·  南  ·  高楼层/11层  ·  简装,九堡 金泊林公寓,单价35082元/m²,315
太阳国际 二线江景自住精装修三室两厅两卫,3室2厅2卫·114.93  平米  ·  南北  ·  中楼层/33层  ·  精装,彩虹城 太阳国际,单价47855元/m²,550
凤起商务大厦 居家精装修 双地铁口。租金4000+,1室1厅1卫·52.21  平米  ·  西  ·  低楼层/27层  ·  精装,环北市场 凤起商务大厦,单价25857元/m²,135
低总价 看房有钥匙  房东诚心出售,1室0厅1卫·29.23  平米  ·  南  ·  低楼层/7层  ·  简装,潮鸣 叶家弄,单价49607元/m²,145
三里家园一区三开间朝南，得房率高，可以随意装修，看房有钥匙！,1室2厅1卫·54.35  平米  ·  南北  ·  低楼层/6层  ·  毛坯,三里亭 三里家园一区,单价34959元/m²,190
虎山水库旁的花园小高层，户型正气，毛坯任装修，采光没问题。,3室2厅1卫·87.91  平米  ·  南北  ·  低楼层/11层  ·  毛坯,半山田园 望宸府,单价29576元/m²,260
臻玺公寓 好位置！视野开阔！三开间朝南！双卫生间！诚心出售！,3室2厅2卫·87.15  平米  ·  南  ·  低楼层/24层  ·  毛坯,申花 臻玺公寓,单价48766元/m²,425
都市阳光乐苑 山峰实景！低首付 房东诚心出售 看房有钥匙,2室1厅1卫·62  平米  ·  南北  ·  中楼层/28层  ·  毛坯,三墩 都市阳光乐苑,单价29032元/m²,180
彩虹城小高层边套 户型正气 看房有钥匙诚心出售,4室2厅2卫·162.37  平米  ·  南北  ·  低楼层/11层  ·  毛坯,彩虹城 彩虹城,单价40648元/m²,660
东祥元府 次新小区  近学1校 近地铁  进公园 配套成熟,3室2厅1卫·89.54  平米  ·  南北  ·  中楼层/22层  ·  毛坯,火车东站 东祥元府,单价37972元/m²,340
龙湖武林九里 品质楼盘 双卫生间,3室2厅2卫·89.76  平米  ·  南北  ·  高楼层/17层  ·  毛坯,丁桥 花盛郦城,单价34314元/m²,308
次新小区环境位置好，靠近公园不吵闹，户型方正南北通透,3室2厅1卫·89.65  平米  ·  南  ·  低楼层/22层  ·  毛坯,火车东站 东祥元府,单价37925元/m²,340
07年小两房 带电梯 小区中间不沿马路 房东诚售价格好谈,2室2厅1卫·64.42  平米  ·  东南  ·  低楼层/15层  ·  简装,文三西路 嘉绿景苑,单价43465元/m²,280
广宇上东城 经典大三房 东边套 置换好选择 诚心出售,3室2厅2卫·125.23  平米  ·  南  ·  底层/16层  ·  简装,丁桥 上东臻品,单价26990元/m²,338
钱塘沁园 精装修 拎包入住 采光不错，家电齐全,1室0厅1卫·43.93  平米  ·  北  ·  中楼层/14层  ·  精装,闸弄口 钱塘沁园,单价20487元/m²,90
尚堂府 远离高架 全明户型 采光足 通风好 看房有钥匙!,2室2厅1卫·87.95  平米  ·  南北  ·  低楼层/23层  ·  毛坯,拱宸桥 尚堂府,单价36953元/m²,325
新华路青蓝2房 户型正气  精装修阳光无遮挡,2室1厅1卫·56.32  平米  ·  东西  ·  低楼层/7层  ·  精装,长庆 新华路,单价44389元/m²,250
西溪里一期 西溪里璞园 3房2厅2卫  毛坯房 自行设计装修,3室2厅2卫·137.75  平米  ·  南北  ·  高楼层/12层  ·  毛坯,西溪 西溪里一期,单价47913元/m²,660
三房好户型 北景园商品房 位置好 出行方便,3室2厅1卫·106.8  平米  ·  南北  ·  低楼层/11层  ·  简装,石桥 都市枫林,单价29963元/m²,320
丁桥景园南苑 全明户型 纯毛坯  楼层佳 采光充足,3室2厅1卫·100.56  平米  ·  南北  ·  高楼层/16层  ·  毛坯,丁桥 丁桥景园南苑,单价24364元/m²,245
水岸晶座精装LOFT格局 水电民用 诚心出售看房有钥匙,2室2厅2卫·50.83  平米  ·  北  ·  中楼层/10层  ·  精装,石桥 水岸晶座,单价23608元/m²,120
云筑全明西边套，山景现房，凤凰公园站在建，满2年,4室2厅3卫·138.38  平米  ·  南北  ·  顶层/17层  ·  毛坯,转塘 天阳云筑,单价33242元/m²,460
保利东湾 纯毛坯大三房 南北通透双阳台 房东诚卖,3室2厅2卫·103.53  平米  ·  南北  ·  低楼层/34层  ·  毛坯,江滨 保利东湾,单价28977元/m²,300
平海公寓 是西湖边高品质住宅，在天长传统招生范围内,3室2厅1卫·127.98  平米  ·  东南  ·  低楼层/19层  ·  精装,湖滨 平海公寓,单价70323元/m²,900
北景紫荆苑，俩房户型，精装修，中间楼层,2室2厅1卫·99.25  平米  ·  南北  ·  低楼层/11层  ·  精装,石桥 北景紫荆苑,单价26700元/m²,265
永和坊 一梯两户精装修两房朝南一房朝北，拎包入住，房东诚心卖,3室2厅1卫·84.86  平米  ·  南  ·  低楼层/11层  ·  简装,拱宸桥 永和坊,单价34763元/m²,295
东边套 精装自住 南北通透 两房南 一房北 位置安静,3室2厅2卫·155  平米  ·  南北  ·  低楼层/25层  ·  精装,九莲 枫华府第,单价56774元/m²,880
08年精装修酒店式公寓，地段好，拎包入住,1室1厅1卫·44  平米  ·  南  ·  高楼层/24层  ·  精装,天水 华润西子中心,单价31818元/m²,140
天湖公寓，中间楼层，三房，总价低，诚心出售,3室2厅2卫·125.1  平米  ·  北  ·  中楼层/7层  ·  简装,文一西路 天湖公寓,单价34373元/m²,430
新出小套两房户型，楼层采光好，年代新，交通出行方便！,2室1厅1卫·80.51  平米  ·  南北  ·  高楼层/23层  ·  简装,朝晖 潮王人家,单价44094元/m²,355
和平雅苑 小户型 总价低 交通便利 环境好,2室1厅1卫·62.23  平米  ·  南北  ·  高楼层/11层  ·  简装,仁和 和平雅苑,单价21694元/m²,135
君汇上品 纯毛坯 三开间朝南 高楼层 视野开阔,3室2厅1卫·88.31  平米  ·  南  ·  高楼层/13层  ·  毛坯,乔司 君汇上品,单价28309元/m²,250
户型正，看房方便，房东诚心出售,3室2厅1卫·87.54  平米  ·  南  ·  底层/18层  ·  简装,闲林 竹海水韵,单价23989元/m²,210
小区彩虹城规模成熟，房子精装好，保养新，看房方便,3室2厅2卫·129.23  平米  ·  南  ·  低楼层/23层  ·  精装,彩虹城 彩虹城,单价41012元/m²,530
春江名苑，采光好，无遮挡，交通便捷，周边配套齐全,3室2厅2卫·135.31  平米  ·  南北  ·  中楼层/18层  ·  简装,南星 春江名苑,单价58384元/m²,790
小区中间位置 3开间朝南 双明卫 户型好 有钥匙,3室2厅2卫·86  平米  ·  南北  ·  顶层/27层  ·  毛坯,钱江世纪城 金色江南,单价53488元/m²,460
杭氧好房 好位置 采光好,2室1厅1卫·56.85  平米  ·  南  ·  顶层/6层  ·  精装,德胜 杭氧宿舍,单价38698元/m²,220
景江苑 大三房 两厅两卫 入室花园 方正户型 两房朝南,3室2厅2卫·157.85  平米  ·  南北  ·  高楼层/18层  ·  精装,彩虹城 景江苑,单价40862元/m²,645
三里亭苑二区 精致小两房，户型正气，满五，随时看房,2室1厅1卫·58.72  平米  ·  南北  ·  顶层/7层  ·  精装,三里亭 三里亭苑二区,单价34060元/m²,200
临江花园 自住精装，户型正气，南北通透，房东诚心出售,4室2厅2卫·166.79  平米  ·  南北  ·  高楼层/17层  ·  精装,彩虹城 临江花园,单价32256元/m²,538
马塍路8号 文三街本部，带40方院子，采光无影响，不占学籍,2室1厅1卫·60.42  平米  ·  南  ·  底层/5层  ·  简装,文教 马塍路8号,单价69513元/m²,420
郡上蓝湾 诚心出售 三开间朝南带双阳台,3室2厅2卫·87.86  平米  ·  南  ·  中楼层/17层  ·  毛坯,丁桥 郡上蓝湾,单价26178元/m²,230
灯塔新村 两房朝南户型正 中间楼层 总价低 超值,2室1厅1卫·60.46  平米  ·  南  ·  中楼层/5层  ·  简装,三塘 灯塔新村,单价36388元/m²,220
百大花园 ，主卧朝南，沿河景观房，厨卫全明，年代新贷款方便！,1室2厅1卫·65.42  平米  ·  南  ·  高楼层/18层  ·  简装,湖墅 百大花园,单价35157元/m²,230
彩虹城 精装保养好，风格时尚，适合置换带两个小孩的家庭,4室2厅2卫·148.03  平米  ·  南北  ·  低楼层/22层  ·  精装,彩虹城 彩虹城,单价45261元/m²,670
彩虹城 经典一室一厅 房间朝南 客厅朝南 采光比较好 带阳台,1室1厅1卫·67.87  平米  ·  西南  ·  中楼层/30层  ·  精装,彩虹城 彩虹城,单价47149元/m²,320
新城香悦奥府 楼层好采光佳 南北通透 纯毛坯 可塑性高,4室2厅2卫·129.02  平米  ·  南  ·  低楼层/28层  ·  毛坯,萧山经济开发区 新城澜颂奥府,单价35266元/m²,455
临江花园 自住精装，户型正气，南北通透，房东诚心出售,3室2厅2卫·144  平米  ·  南北  ·  中楼层/27层  ·  简装,彩虹城 临江花园,单价35069元/m²,505
沈塘铭苑 主卧朝南 看房方便 业主诚心出售 视野开阔,2室0厅1卫·45.86  平米  ·  南  ·  中楼层/22层  ·  简装,湖墅 沈塘铭苑,单价40994元/m²,188
小区环境优美，一线京杭大运河！交通方便，诚心出售。,3室2厅1卫·97.96  平米  ·  南北  ·  高楼层/7层  ·  简装,湖墅 稻香园南区,单价42875元/m²,420
桃源新区 中间楼层  简单装修 南北通透 小两房,2室1厅1卫·62.94  平米  ·  南  ·  中楼层/24层  ·  毛坯,半山田园 桃源新区,单价30187元/m²,190
运河人家 运河景光房，三开间朝南的格局，送朝北阳台面积！,3室2厅1卫·112.8  平米  ·  南北  ·  中楼层/16层  ·  精装,拱宸桥 运河人家,单价38564元/m²,435
景江城市花园 一线江景 带燃气 民用水电 过渡好房 交通便利,1室0厅1卫·50.24  平米  ·  西南  ·  低楼层/28层  ·  精装,近江 景江城市花园,单价31847元/m²,160
依山傍水 风水地 金棕榈矣 好美丽,4室2厅2卫·161.46  平米  ·  南  ·  底层/8层  ·  精装,复兴 海月金棕榈,单价39948元/m²,645
新州花苑 江南实验 银泰城旁 海康威视 南北户型,3室2厅2卫·127.15  平米  ·  南  ·  高楼层/29层  ·  毛坯,滨江区政府 新州花苑,单价44042元/m²,560
三里新城兰苑 全明西边套 户型方正 大4房3房朝南,4室2厅2卫·139.95  平米  ·  南北  ·  低楼层/11层  ·  简装,三里亭 三里新城兰苑,单价35013元/m²,490
景芳三区 景芳新出小户套 卧室朝南 看房随时可以，楼层方便,1室0厅1卫·33.85  平米  ·  南  ·  底层/7层  ·  简装,景芳 景芳三区,单价42836元/m²,145
皮市巷 精装修小套 全明户型,1室1厅1卫·44.47  平米  ·  西  ·  低楼层/5层  ·  精装,清泰 皮市巷,单价40477元/m²,180
岸上蓝山 小面积 精装修 全明户型 户型方正 东边套,3室2厅1卫·87.5  平米  ·  东  ·  中楼层/5层  ·  精装,闲林 岸上蓝山,单价26857元/m²,235
电梯房，视野开阔，看房方便,1室0厅1卫·45.31  平米  ·  西  ·  顶层/18层  ·  简装,长庆 凤起都市花园,单价45906元/m²,208
新金都 新小户型 房东置换 诚心出售 看房有钥匙,1室1厅0卫·44.99  平米  ·  南  ·  中楼层/4层  ·  毛坯,文一西路 新金都城市花园,单价60013元/m²,270
新金都 新小户型 房东置换 诚心出售 看房有钥匙,1室1厅0卫·44.99  平米  ·  北  ·  中楼层/4层  ·  毛坯,文一西路 新金都城市花园,单价60013元/m²,270
新金都 新小户型 房东置换 诚心出售 看房有钥匙,1室1厅0卫·64.99  平米  ·  北  ·  中楼层/4层  ·  毛坯,文一西路 新金都城市花园,单价59855元/m²,389
新金都 新小户型 房东置换 诚心出售 看房有钥匙,1室1厅0卫·59.36  平米  ·  北  ·  中楼层/4层  ·  毛坯,文一西路 新金都城市花园,单价59973元/m²,356
好房新挂牌出售，总价低，房东诚心置换，随时看房,1室1厅1卫·31.3  平米  ·  东西  ·  顶层/7层  ·  简装,吴山 水沟巷,单价54313元/m²,170
朝南标准一室一厅 楼层高非顶楼采视野光非常棒 精装修带厨房,1室1厅1卫·38.84  平米  ·  南  ·  高楼层/18层  ·  简装,湖墅 云河大厦,单价41710元/m²,162
大塘新村 两房朝南 南北通透 价格可谈 看房提前联系,2室1厅1卫·56  平米  ·  南北  ·  顶层/6层  ·  精装,湖墅 大塘新村,单价37500元/m²,210
世茂天宸，精装修拎包入住，稀缺全明户型，两房朝南客厅朝南。,4室2厅2卫·176.2  平米  ·  南  ·  低楼层/22层  ·  精装,南肖埠 世茂天宸,单价57889元/m²,1020
景江城市花园 一线江景 带燃气 民用水电 过渡好房 交通便利,2室1厅1卫·102.16  平米  ·  南北  ·  低楼层/33层  ·  精装,近江 景江城市花园,单价32204元/m²,329
带院子 全明户型 可能会拆迁,2室0厅1卫·51.14  平米  ·  南  ·  底层/4层  ·  简装,德胜 杭锅新村,单价36762元/m²,188
梧桐公寓新出精装两房带大露台，有钥匙看房方便,2室2厅1卫·123.49  平米  ·  南  ·  中楼层/6层  ·  精装,文教 梧桐公寓,单价51016元/m²,630
西庐 开发商精装修 东边套 全明户型 位置安静 诚心出售,3室2厅1卫·88.68  平米  ·  东南  ·  底层/15层  ·  精装,西溪 西庐,单价48489元/m²,430
文三街本部 南北朝向 不占学藉 户口随时迁出!,2室1厅1卫·47.96  平米  ·  南北  ·  中楼层/6层  ·  简装,文教 沈塘新村,单价66722元/m²,320
美都良景学府 中间楼层 瓶窑 余杭 新小区,3室2厅1卫·87.4  平米  ·  南北  ·  低楼层/18层  ·  简装,瓶窑 美都良景学府,单价22883元/m²,200
运河广场丨南北通透，全明东边套，两房朝南，户型方正。,3室1厅1卫·74.63  平米  ·  南北  ·  顶层/6层  ·  简装,拱宸桥 吉庆院,单价33365元/m²,249
北景园新出两房 南北通透 全明户型 房东诚心卖  看房有钥匙,2室2厅1卫·63.14  平米  ·  南北  ·  低楼层/11层  ·  简装,石桥 北景莲趣苑,单价31676元/m²,200
德信泊林印象 看房有钥匙 全明东边套三房 有车位,3室2厅1卫·89.76  平米  ·  南  ·  低楼层/18层  ·  简装,九堡 德信泊林印象,单价36765元/m²,330
仙林苑 东边套 朝南双阳台 面朝花园景观房 长寿桥、春蕾,3室2厅2卫·121.05  平米  ·  南  ·  高楼层/18层  ·  精装,众安桥 仙林苑,单价61132元/m²,740
浙江日报旁 两房超南 南北通透 阳光无遮挡,3室1厅1卫·66.94  平米  ·  南  ·  中楼层/6层  ·  简装,宝善 体育场路142号,单价44816元/m²,300
潮鸣苑好房 南北通透 全明户型 三房一厅 带储藏室,3室1厅1卫·79.8  平米  ·  南北  ·  高楼层/7层  ·  简装,潮鸣 潮鸣苑,单价43233元/m²,345
西湖边 光复路小区 两房朝南 中间楼层 采光好 看房提前联系,2室1厅1卫·59.29  平米  ·  南北  ·  中楼层/6层  ·  毛坯,湖滨 光复路,单价43009元/m²,255
万泰城章 次新小区 楼层好 价格含车位！大2房，看中可谈,2室2厅1卫·83.8  平米  ·  南  ·  中楼层/26层  ·  毛坯,临平 万泰城章,单价23628元/m²,198
稻香园南区 送露台，看房方便，有钥匙，户型正气，边套诚售,2室2厅1卫·99.41  平米  ·  西南  ·  中楼层/18层  ·  精装,湖墅 稻香园南区,单价36214元/m²,360
4楼两房，接近毛坯，有钥匙，方便看房，城北公园旁,2室1厅1卫·53.23  平米  ·  南  ·  中楼层/8层  ·  简装,三塘 三塘北村,单价37573元/m²,200
海狮沟 户型方正 南北通透 两房朝南,2室2厅1卫·64.47  平米  ·  南  ·  底层/6层  ·  精装,长庆 海狮沟,单价40329元/m²,260
董家弄2012年的房子，南北通透！格局好装修可自行设计！,2室1厅1卫·47.15  平米  ·  南北  ·  中楼层/5层  ·  简装,塘河 董家弄,单价41357元/m²,195
广兴新村 京杭育才 单价低 房东诚心卖 价格能谈！！！,2室1厅1卫·76.34  平米  ·  南  ·  顶层/7层  ·  简装,和睦 广兴新村,单价30128元/m²,230
金域东方园  大五房 跃层买一层送一层 花园电梯小高层,5室2厅2卫·87.14  平米  ·  南  ·  顶层/11层  ·  毛坯,义桥 金域东方园,单价33280元/m²,290
秋涛北路322号 秋涛北路 纯毛坯 全明，看房有钥匙,2室1厅1卫·58.85  平米  ·  南北  ·  低楼层/7层  ·  简装,闸弄口 秋涛北路322号,单价35684元/m²,210
广宇上东城 经典三房 客厅带阳台 南北通透 两房朝南,3室2厅1卫·88.51  平米  ·  南北  ·  底层/16层  ·  毛坯,丁桥 上东臻品,单价27680元/m²,245
新安天苑 全明西边套 看房方便有钥匙,2室1厅1卫·102.12  平米  ·  南北  ·  中楼层/24层  ·  毛坯,桥西 新安天苑,单价36232元/m²,370
三里亭苑一区 ，两房朝南，南北通透，采光好日照9h,2室1厅1卫·52.56  平米  ·  南北  ·  顶层/7层  ·  毛坯,三里亭 三里亭苑一区,单价34247元/m²,180
金都夏宫 万宝城旁 户型正  看房有钥匙  价格看中可以谈,3室2厅2卫·89  平米  ·  南  ·  中楼层/40层  ·  毛坯,临平 金都夏宫,单价21348元/m²,190
西溪蝶园 精装、主卧朝南有阳台、随时看房、好房,1室1厅1卫·73.02  平米  ·  南北  ·  顶层/11层  ·  精装,西溪 西溪蝶园,单价45604元/m²,333
带花园带地下室南北通透采光好3房跃层可自行设计打造的家园,3室2厅2卫·88.42  平米  ·  南北  ·  底层/6层  ·  毛坯,义桥 金域东方园,单价24881元/m²,220
小两房  户型正气 中间楼层  房东诚心出售,2室1厅1卫·52.89  平米  ·  南北  ·  中楼层/6层  ·  简装,文教 河缸桥,单价56343元/m²,298
全明大两房 沿河景观 南北通透 楼层好 采光无遮挡 房东诚售,2室2厅1卫·92.93  平米  ·  南  ·  中楼层/21层  ·  简装,三塘 三塘汶苑,单价38201元/m²,355
瑷骊山、花园洋房、采光好、毛坯房、全明户型、看房方便,4室2厅3卫·263  平米  ·  南北  ·  顶层/6层  ·  毛坯,转塘 融科瑷骊山,单价28897元/m²,760
好房 岸上蓝山 大面积好房 价格实惠,4室2厅2卫·141.06  平米  ·  南北  ·  底层/6层  ·  毛坯,闲林 岸上蓝山,单价17936元/m²,253
太阳国际 50年产权自住精装修 民用水电带煤气管道江景房,1室2厅1卫·60.32  平米  ·  北  ·  低楼层/33层  ·  精装,彩虹城 太阳国际,单价29841元/m²,180
卖鱼桥新村 标准小套看房方便,1室0厅1卫·42  平米  ·  南  ·  高楼层/18层  ·  简装,湖墅 云河大厦,单价39048元/m²,164
南肖埠低总价小户型,1室0厅1卫·27.9  平米  ·  北  ·  低楼层/7层  ·  简装,南肖埠 月季公寓,单价42294元/m²,118
万科公园里 精装交付 正气三房 三证齐全 新小区 视野开阔,3室2厅1卫·88.36  平米  ·  南  ·  低楼层/18层  ·  精装,半山田园 水榭塘湾,单价33386元/m²,295
久睦苑 全明户型 两房朝南 诚心卖 南北通透 房东诚心出售,2室2厅1卫·61.81  平米  ·  南  ·  低楼层/17层  ·  简装,丁桥 久睦苑,单价25077元/m²,155
满五年，自住精装中间楼层东边套，北欧风，简约大方，诚心出售,3室2厅2卫·130  平米  ·  南北  ·  中楼层/11层  ·  精装,闲林 岸上蓝山,单价23846元/m²,310
采荷翠柳 中间楼层 户型正气 采光好 房东诚心卖价格可谈,3室1厅1卫·68.58  平米  ·  南北  ·  低楼层/6层  ·  简装,采荷 翠柳小区,单价56139元/m²,385
难得四房，精装修，总价低，满两年,4室2厅2卫·139.51  平米  ·  南北  ·  高楼层/6层  ·  精装,闲林 岸上蓝山,单价20787元/m²,290
金域东方 东边套  花园电梯洋房  采光视野绝无遮挡,4室2厅2卫·107.43  平米  ·  南北  ·  高楼层/11层  ·  毛坯,义桥 金域东方园,单价23271元/m²,250
三里新城桂苑 视野开阔 户型正气 难得,3室2厅2卫·101.24  平米  ·  南北  ·  顶层/6层  ·  简装,三里亭 三里新城桂苑,单价36053元/m²,365
米市巷新村，运河边的房子，三楼的楼层，交通便利，看房随时！,3室1厅1卫·67.76  平米  ·  南北  ·  中楼层/6层  ·  毛坯,湖墅 米市巷新村,单价40584元/m²,275
庆春路，浙一附近，清爽2房，房东诚心出售，看房有钥匙,2室1厅1卫·67.44  平米  ·  南北  ·  底层/7层  ·  简装,潮鸣 燕子弄,单价38553元/m²,260
北景芳洲苑 自住装修东边套，诚心出售看房方便,2室2厅1卫·90.85  平米  ·  南北  ·  高楼层/11层  ·  简装,石桥 北景芳洲苑,单价30820元/m²,280
东园小区 东边套 户型方正 通透 得房率高 交通诠,2室1厅1卫·52.38  平米  ·  南  ·  高楼层/7层  ·  简装,宝善 东园,单价43146元/m²,226
酒店式公寓 周边生活配套齐全 采光好 户型好,2室2厅1卫·101.26  平米  ·  南  ·  低楼层/28层  ·  简装,江滨 世茂广场,单价13826元/m²,140
得房率高  性价比高 诚心出售 环境优美 近江边,2室2厅1卫·97.22  平米  ·  南  ·  中楼层/11层  ·  简装,浦沿 贺田尚城,单价37029元/m²,360
北景园新出精装三房，房子比照片更美丽，你要来看看哟！,3室2厅2卫·93.54  平米  ·  南北  ·  底层/11层  ·  精装,石桥 北景芳洲苑,单价29399元/m²,275
新安天苑 全新精装修，通透户型，精致大两房，卖小文澜,2室2厅1卫·86.65  平米  ·  南北  ·  低楼层/24层  ·  精装,桥西 新安天苑,单价40392元/m²,350
东方俊园 新出装修好的边套大三房 东西全送拎包入住 诚心售,4室2厅2卫·140.59  平米  ·  南北  ·  高楼层/6层  ·  简装,临平 东方俊园,单价16360元/m²,230
次新房 交通便利 配套成熟 诚心出售,3室2厅1卫·89.47  平米  ·  南北  ·  中楼层/16层  ·  简装,丁桥 融城印象,单价30178元/m²,270
物华小康居住区 房东无营，非常诚心急卖！店长主力热推！,3室2厅2卫·122.36  平米  ·  南  ·  高楼层/7层  ·  简装,文一西路 物华小康居住区,单价34325元/m²,420
户型正气 中间楼层小区位置好花园边,2室1厅1卫·68.46  平米  ·  南北  ·  中楼层/6层  ·  简装,景芳 景芳六区,单价39877元/m²,273
漾河公寓 东边套全明 南北双阳台 三开间朝南 楼层好南北通透,3室2厅2卫·122.72  平米  ·  南北  ·  高楼层/6层  ·  毛坯,三塘 漾河公寓,单价29335元/m²,360
行知边上，房开装修，已改两房，70年产权，带管煤，民用水电,2室1厅1卫·66.52  平米  ·  南  ·  中楼层/28层  ·  精装,文教 城市芯宇公寓,单价67649元/m²,450
蓝桥名苑 三开间朝南户型 客厅带阳台 送地下车位 看房有钥匙,2室2厅1卫·83.61  平米  ·  南  ·  中楼层/16层  ·  毛坯,九堡 蓝桥名苑,单价29901元/m²,250
长青风帆，两房朝南，一梯两户。,2室2厅1卫·68.33  平米  ·  南  ·  底层/6层  ·  简装,三塘 三塘桂园,单价36587元/m²,250
南北盛德国际 万达旁！精装修3证齐全！采光好！,1室1厅1卫·51.39  平米  ·  南  ·  中楼层/23层  ·  精装,万达广场 盛德国际,单价18486元/m²,95
潮人汇公寓 宝龙附近 诚心出售 看好价格可以商量 联庄站,2室1厅1卫·91.2  平米  ·  南  ·  高楼层/21层  ·  精装,彩虹城 潮人汇大厦,单价20285元/m²,185
金域兰庭 小高层一梯两房得房率高 南北通全明户型,3室2厅2卫·89.16  平米  ·  南北  ·  顶层/11层  ·  毛坯,义桥 金域兰庭,单价24675元/m²,220
绿城蓝庭 小区环境优美 物业好 满两年 诚心出售,2室2厅1卫·88.58  平米  ·  南北  ·  中楼层/18层  ·  毛坯,临平 绿城蓝庭,单价23707元/m²,210
好房子，两房，半道红小区，交通方便，诚心出售，靠河边，,2室1厅1卫·59.37  平米  ·  东  ·  中楼层/6层  ·  简装,湖墅 半道红小区,单价37898元/m²,225
圣苑新出大三房 采光好 户型好房东诚心出售,3室2厅2卫·125.25  平米  ·  南北  ·  低楼层/11层  ·  简装,申花 圣苑,单价57884元/m²,725
桃园新村 标准大三房，四楼，南北通，采光超好，赠送面积多！,3室1厅1卫·72.2  平米  ·  南北  ·  中楼层/7层  ·  毛坯,省府 桃园新村,单价62327元/m²,450
拱墅区申花芯余杭塘路 89阳光小三房 位置好采光佳！,3室2厅2卫·89.08  平米  ·  南  ·  低楼层/27层  ·  毛坯,申花 金茂悦,单价55680元/m²,496
翠苑四区 户型好,2室1厅1卫·51.73  平米  ·  南北  ·  底层/7层  ·  简装,翠苑 翠苑四区,单价38276元/m²,198
绿城巧园 刚需品质三房 杨家墩站旁边 华润物美旁,3室2厅1卫·88.13  平米  ·  南  ·  低楼层/18层  ·  简装,浦沿 绿城巧园,单价41983元/m²,370
原筑壹号 杭州东站旁 南北通透 看房方便 靠杭州郊野公园,3室2厅2卫·105.96  平米  ·  南北  ·  中楼层/13层  ·  简装,艮北新城 原筑壹号,单价29068元/m²,308
少见户型 买一层送一层 近丁兰广场 生活便利,4室2厅2卫·130.76  平米  ·  南北  ·  顶层/16层  ·  简装,丁桥 丁桥景园南苑,单价22331元/m²,292
城东新城 火车东站旁 锦润公寓 双阳台 西边套楼层好视野开阔,3室2厅1卫·89.66  平米  ·  南北  ·  高楼层/16层  ·  简装,笕桥 锦润公寓,单价45728元/m²,410
万家星城一期 性价比高两房 全明户型 楼层好 诚卖,2室2厅1卫·86.1  平米  ·  南  ·  高楼层/23层  ·  简装,东新 万家星城,单价42973元/m²,370
御景蓝湾 顶楼带阁楼 全明户型 南北通透 户型好 楼层好,3室2厅2卫·122.46  平米  ·  南北  ·  顶层/27层  ·  毛坯,义桥 御景蓝湾,单价26131元/m²,320
次顶楼，全明户型，看房方便，房东诚心出售！,3室2厅1卫·86.11  平米  ·  南北  ·  高楼层/9层  ·  简装,石桥 华润翠庭,单价34839元/m²,300
世茂西西湖 毗邻南湖 随时看房 交通便利  繁华商业圈,3室2厅2卫·105  平米  ·  南北  ·  高楼层/23层  ·  精装,老余杭 世茂西西湖,单价25714元/m²,270
城市芯宇公寓 行知住宅，带管煤装修好两房（从未入住）大阳台,2室1厅1卫·91  平米  ·  南北  ·  高楼层/28层  ·  精装,文教 城市芯宇公寓,单价60440元/m²,550
金色黎明 ，品质小区 ，环境优美 ，多房朝南。,3室2厅1卫·89.32  平米  ·  南北  ·  高楼层/16层  ·  毛坯,笕桥 金色黎明,单价43103元/m²,385
万科璞悦湾 万科开发商精装 一楼复式带花园 带车位 看房方便,5室2厅2卫·119.15  平米  ·  南北  ·  底层/8层  ·  精装,浦沿 璞悦湾,单价62946元/m²,750
江南星座，开发商精装，面积大，总价低，房东置换，诚售,1室1厅1卫·87.07  平米  ·  东北  ·  低楼层/30层  ·  精装,滨江区政府 江南星座,单价19525元/m²,170
中间楼层 地段好 得房率高 价格便宜 房东诚心急卖,2室1厅1卫·77.25  平米  ·  南北  ·  中楼层/7层  ·  简装,朝晖 朝晖九区,单价36505元/m²,282
相江公寓 高品质电梯洋房 送地下一层 房东诚心出售,6室3厅3卫·138.46  平米  ·  南北  ·  底层/6层  ·  毛坯,九堡 相江公寓,单价39000元/m²,540
2房间朝南，客厅朝南带阳台，不沿马路，闹中取静。满2年。,2室2厅1卫·101.96  平米  ·  南  ·  高楼层/30层  ·  精装,文教 城市芯宇公寓,单价64731元/m²,660
桂花城  经典两房，看房提前联系，采光好，业主诚售！,2室2厅1卫·90.22  平米  ·  南北  ·  高楼层/6层  ·  简装,文二西路 桂花城,单价56528元/m²,510
紫园高层景观 送阳光房 全明户型纯毛坯 24h可看房,4室2厅2卫·178.3  平米  ·  南北  ·  中楼层/16层  ·  毛坯,留下 和家园,单价39933元/m²,712
德信晓宸  边套户型 带露台 房东诚心出售,3室2厅1卫·89.19  平米  ·  南北  ·  低楼层/23层  ·  简装,万达广场 晓宸府,单价44624元/m²,398
成熟小区 全明户型 南北通透 采光视线好 出行购物方便,2室2厅1卫·76.78  平米  ·  南  ·  低楼层/6层  ·  毛坯,三里亭 三里家园二区,单价37119元/m²,285
水印康庭 全明一居室，得房率高，地理位置便利,1室1厅1卫·46.7  平米  ·  北  ·  顶层/12层  ·  毛坯,三塘 水印康庭,单价17131元/m²,80
云筑新上，山景现房，3开间朝南，满2年，送16方花园，满2年,3室2厅2卫·116.25  平米  ·  南北  ·  底层/17层  ·  简装,转塘 天阳云筑,单价27355元/m²,318
多蓝水岸 舒适三房，随时等您电话,4室2厅2卫·155.63  平米  ·  南  ·  高楼层/11层  ·  毛坯,沿江 多蓝水岸,单价25702元/m²,400
北景西苑三房，两南一北，格局方正，中间楼层，送家具家电,3室1厅1卫·104.43  平米  ·  南  ·  低楼层/7层  ·  精装,南肖埠 北景西苑,单价41176元/m²,430
政苑小区 全明户型南北通透 满五年小区花园位置 地段成熟,3室2厅2卫·119.63  平米  ·  南北  ·  底层/6层  ·  简装,申花 政苑小区,单价47647元/m²,570
春江花月精装修跃层，户型正，位置好，带车位，诚心卖,5室2厅3卫·251.55  平米  ·  南北  ·  顶层/11层  ·  简装,南星 春江花月,单价56848元/m²,1430
定海西园 一线运河景观，电梯房带装修，小三房！,3室1厅1卫·75.18  平米  ·  南北  ·  中楼层/11层  ·  精装,拱宸桥 定海西园,单价37909元/m²,285
水印城Loft毛坯70年产权住宅 满五年空置房 看房有钥匙,5室3厅3卫·267.61  平米  ·  南北  ·  高楼层/32层  ·  毛坯,长河 水印城,单价35499元/m²,950
君临天下 纯毛坯 大三房 位置安静 满2年 配套齐全,3室2厅2卫·154  平米  ·  南北  ·  中楼层/21层  ·  毛坯,临平 华鼎君临天下,单价24675元/m²,380
水晶城房东自住装修80万左右保养好可拎包住 南北通透户型方正,3室2厅2卫·134.61  平米  ·  南北  ·  中楼层/33层  ·  精装,彩虹城 水晶城,单价62402元/m²,840
宝龙旁现代印象广场 周边配套齐全 生活便利 诚心可议价,1室0厅1卫·38.13  平米  ·  南  ·  中楼层/30层  ·  精装,彩虹城 现代印象广场,单价19670元/m²,75
风林公寓 九堡站地铁口 钱江新城二期，纯边套,2室1厅1卫·89.04  平米  ·  南北  ·  中楼层/16层  ·  毛坯,九堡 风林公寓,单价27853元/m²,248
郁金香 毛坯大三房  三开间朝南 江景美 诚售,3室2厅2卫·147.07  平米  ·  南北  ·  中楼层/27层  ·  毛坯,闻堰 绿城西子郁金香岸,单价29918元/m²,440
精装送软装 一室一厅 华润物美旁  一线江景,1室1厅1卫·43.12  平米  ·  北  ·  高楼层/29层  ·  精装,浦沿 风尚蓝湾,单价20408元/m²,88
钱江湾花园 告别闹市喧嚣 独享静谧人生 三房两厅加双卫,3室2厅2卫·141.78  平米  ·  南北  ·  低楼层/16层  ·  简装,浦沿 钱江湾花园,单价39498元/m²,560
海天城纯毛坯三房 看房方便 房东诚心出售,3室2厅1卫·121.84  平米  ·  南  ·  顶层/18层  ·  毛坯,沿江 海天城,单价27905元/m²,340
金泊林公寓 东边套大三房两卫，楼层好，南北通透，视野开阔！,3室2厅2卫·117.15  平米  ·  南  ·  中楼层/17层  ·  毛坯,九堡 金泊林公寓,单价34571元/m²,405
商住两用 loft户型 实用面积大,1室1厅1卫·44.5  平米  ·  东北  ·  底层/2层  ·  简装,文三西路 紫金庭园春雪苑公寓,单价20000元/m²,89
晴彩巴厘，大2房，一房客厅朝南日晒充足，满两年 ，看房随时！,2室2厅1卫·87.58  平米  ·  南  ·  高楼层/6层  ·  毛坯,临平 晴彩巴厘,单价22836元/m²,200
钱塘景苑 三房 南北通透 户型方正,3室2厅2卫·138.68  平米  ·  南北  ·  低楼层/5层  ·  毛坯,彩虹城 钱塘景苑,单价37496元/m²,520
尚农里 西湖边景区旁，地铁一号线定安路站边上,2室2厅1卫·51.52  平米  ·  南  ·  中楼层/7层  ·  简装,湖滨 尚农里,单价52407元/m²,270
彩虹城 小高层户型 南北通透 三开间朝南 装修保养好,3室2厅2卫·162.54  平米  ·  南  ·  低楼层/9层  ·  精装,彩虹城 彩虹城,单价44912元/m²,730
德胜新村 全明户型 采光好 户型方正 位置安静,2室1厅1卫·59.51  平米  ·  西南  ·  高楼层/7层  ·  简装,德胜 德胜新村,单价31927元/m²,190
潮鸣苑 小套 总价低,1室1厅1卫·40.17  平米  ·  南  ·  低楼层/7层  ·  毛坯,潮鸣 潮鸣苑,单价44810元/m²,180
五常板块 精装修小户型 伶包入住小区中间位置,2室2厅1卫·87.84  平米  ·  南北  ·  低楼层/6层  ·  精装,五常 盛世嘉园,单价28689元/m²,252
双菱新村 带院子 正气两房 南北通透 房东诚心卖,2室1厅1卫·55.25  平米  ·  南北  ·  底层/6层  ·  简装,采荷 双菱新村,单价49774元/m²,275
东润枫华 ，景观房三房，中间楼层，南北通透！,3室2厅1卫·89.02  平米  ·  南  ·  中楼层/17层  ·  简装,景芳 东润枫华,单价56167元/m²,500
相江公寓 简装好房，楼层好，可看江，房东诚售,2室1厅1卫·88.33  平米  ·  南  ·  中楼层/24层  ·  简装,九堡 相江公寓,单价33397元/m²,295
东新园 望景苑，大跃层，精装修，送双露台,4室2厅2卫·149.46  平米  ·  南北  ·  顶层/11层  ·  精装,东新 东新园,单价40145元/m²,600
三里新城兰苑 3房朝南 大客厅带飘窗 南北通透 双阳台,3室2厅1卫·110.54  平米  ·  南北  ·  高楼层/11层  ·  毛坯,三里亭 三里新城兰苑,单价40709元/m²,450
金色家园 东边套 纯毛坯  户型正气全明户型 大阳台 采光足,3室2厅2卫·157.05  平米  ·  南  ·  中楼层/20层  ·  毛坯,南星 金色家园,单价60490元/m²,950
远大花园 新出小两房，总价低，诚心出售,2室1厅1卫·49.39  平米  ·  南  ·  底层/7层  ·  简装,德胜 远大花园,单价44948元/m²,222
稻香园南区 三房装修清爽，可以直接拎包入住，视野开阔，运河边,3室2厅1卫·92.72  平米  ·  南北  ·  低楼层/7层  ·  简装,湖墅 稻香园南区,单价44758元/m²,415
近江二园 精装修拎包入住黄金楼层过户方便不占学籍,2室0厅1卫·52.8  平米  ·  南  ·  中楼层/6层  ·  简装,近江 近江二园,单价55492元/m²,293
世纪新城 新出不占学籍小套户型 河景房 看房有钥匙,1室0厅1卫·33.8  平米  ·  北  ·  中楼层/27层  ·  精装,文二西路 世纪新城,单价68047元/m²,230
邱山大街 双南两房厅朝北全明户型 地段好采光好 总价低,2室1厅1卫·69.8  平米  ·  南  ·  顶层/6层  ·  简装,临平 邱山大街,单价17479元/m²,122
江南文苑 新上大户型3房2厅2卫，南北通透全明户型！纯毛坯！,3室2厅2卫·136.97  平米  ·  南  ·  顶层/18层  ·  毛坯,浦沿 江南文苑,单价43075元/m²,590
郡上蓝湾 全明东边套 三房两卫 双阳台 客厅带飘窗 中间楼层,3室2厅2卫·89.41  平米  ·  南  ·  中楼层/16层  ·  毛坯,丁桥 郡上蓝湾,单价27961元/m²,250
光复路 西湖边光复路小区中间楼层采光好看房提前联系,2室1厅1卫·45.17  平米  ·  东  ·  中楼层/5层  ·  简装,湖滨 光复路,单价43834元/m²,198
复兴南苑 经典一室一厅，2000年红房子，看房有钥匙，诚售,1室1厅1卫·31.31  平米  ·  南  ·  低楼层/6层  ·  简装,复兴 复兴南苑,单价44714元/m²,140
温州村 二期 两房可改三房 超大阳台 看房有钥匙,2室2厅1卫·93.78  平米  ·  南北  ·  高楼层/6层  ·  简装,申花 温州村,单价35189元/m²,330
金田花园 新出经典户型 中间楼层 随时看房 诚心出售,2室2厅1卫·79.12  平米  ·  南北  ·  低楼层/7层  ·  简装,文二西路 金田花园,单价45501元/m²,360
郡上蓝湾 三开间朝南，双阳台，南北通透，带院子，诚心出售，,3室2厅2卫·87.28  平米  ·  南北  ·  底层/17层  ·  毛坯,丁桥 郡上蓝湾,单价22915元/m²,200
景芳新五区 新出好房 南北通透 装修清爽 房东诚心卖,2室2厅1卫·55.29  平米  ·  南北  ·  中楼层/7层  ·  精装,景芳 景芳新五区,单价43769元/m²,242
塘河北村 位置优越 邻近大悦城 南北通透户型 厅大朝南带阳台,2室2厅1卫·80.63  平米  ·  南北  ·  高楼层/6层  ·  简装,塘河 塘河北村,单价35967元/m²,290
铁岭花园 近西兴站 近公园 西边套 多层得房率高,3室2厅1卫·92.32  平米  ·  南  ·  底层/6层  ·  简装,西兴 铁岭花园,单价33037元/m²,305
上东领地 两房朝南 景观位置 采光视野好 诚心卖 总价低,2室2厅1卫·81.93  平米  ·  南  ·  顶层/16层  ·  精装,丁桥 上东领地,单价32345元/m²,265
红郡御庄 新城开发 高端社区 人车分流  双阳台,3室2厅2卫·89.04  平米  ·  南北  ·  低楼层/24层  ·  毛坯,丁桥 红郡御庄,单价27853元/m²,248
三塘竹苑 跃层复式好房 中间楼层 四房朝南 诚心急卖,5室2厅2卫·143.09  平米  ·  南北  ·  低楼层/3层  ·  简装,三塘 三塘竹苑,单价30051元/m²,430
西荡苑 新上西边套小套送露台 阁楼全送 钥匙看房联系所属人,4室1厅1卫·58.8  平米  ·  南北  ·  顶层/5层  ·  简装,文三西路 西荡苑,单价54422元/m²,320
观邸国际寓所 精装大四房 南北通透  江景房 全明户型,4室2厅2卫·158.17  平米  ·  南  ·  中楼层/32层  ·  精装,浦沿 观邸国际寓所,单价39831元/m²,630
定海西园 电梯房小两房，两房朝南，总价低！,1室2厅1卫·51.35  平米  ·  南北  ·  高楼层/11层  ·  简装,拱宸桥 定海西园,单价42843元/m²,220
逸都花苑  三开间朝南 户型正气 采光好 楼层好,3室2厅1卫·85.97  平米  ·  南北  ·  低楼层/24层  ·  毛坯,临平 逸都花苑,单价20705元/m²,178
景芳五区 全明户型 南北通透 多房朝南,2室1厅1卫·53.56  平米  ·  南  ·  顶层/7层  ·  简装,景芳 景芳五区,单价41075元/m²,220
贺田尚城 70年精装小两房 满两年 拎包入住 随时看房,2室1厅1卫·67.61  平米  ·  南  ·  高楼层/12层  ·  精装,浦沿 贺田尚城,单价45112元/m²,305
汉峰峰公馆公寓 滨江核心板块 一线江景房，低总价租金高,1室2厅2卫·50.66  平米  ·  北  ·  低楼层/22层  ·  精装,滨江区政府 汉峰峰公馆公寓,单价37505元/m²,190
广兴新村 黄金3楼、大三房格局、两房朝南、小孩上学方便、,3室1厅1卫·83.49  平米  ·  南北  ·  中楼层/7层  ·  简装,和睦 广兴新村,单价38328元/m²,320
信达柳郡 全明户型 南北通透 满两件 精装修 拎包入住,3室2厅1卫·88.13  平米  ·  南  ·  低楼层/18层  ·  精装,瓶窑 信达柳郡,单价26665元/m²,235
景芳三区 精装两房南北通透，小区中间位置好，近地铁出行方便,2室1厅1卫·46.21  平米  ·  南  ·  底层/7层  ·  精装,景芳 景芳三区,单价45445元/m²,210
和业府 南北通透，三开间朝南户型， 房东诚心出售带车位,3室2厅2卫·86.99  平米  ·  南  ·  低楼层/18层  ·  毛坯,勾庄 和业府,单价29314元/m²,255
三里新城荷苑 东边套业主婚房装修约50万 房龄新宽松3房,3室2厅1卫·88.18  平米  ·  南  ·  中楼层/6层  ·  精装,三里亭 三里新城荷苑,单价47630元/m²,420
松木场河东  2房一厅 房东诚心卖 看房方便，带院子南北通透,2室1厅1卫·62.15  平米  ·  南  ·  底层/6层  ·  精装,省府 松木场河东,单价64039元/m²,398
宋都晨光国际 纯东边套毛坯大四房 南北通透 次新小区,4室2厅2卫·164.73  平米  ·  南  ·  中楼层/45层  ·  毛坯,江滨 宋都晨光国际,单价26103元/m²,430
曙光公寓 新出房源 户型正气 楼层好 精装修 有钥匙,3室2厅1卫·122.98  平米  ·  南  ·  中楼层/6层  ·  精装,黄龙 曙光公寓,单价79688元/m²,980
龙禧硅谷酒店广场 1室1厅1卫中间楼层采光好视野好,1室1厅1卫·70.69  平米  ·  西南  ·  中楼层/25层  ·  精装,彩虹城 龙禧硅谷酒店广场,单价17824元/m²,126
融城印象 简单装修 诚心出售 看房方便,3室2厅1卫·89.18  平米  ·  南  ·  中楼层/14层  ·  简装,丁桥 融城印象,单价30276元/m²,270
御景蓝湾 满2年 房东诚售 精装修拎包入住 南北通透,3室2厅2卫·87.64  平米  ·  南  ·  底层/27层  ·  精装,义桥 御景蓝湾,单价31949元/m²,280
采荷一区 采荷辖区，尽可享有“九年一贯制”优质教育 小套,1室1厅1卫·38.37  平米  ·  南北  ·  高楼层/7层  ·  毛坯,采荷 采荷一区,单价57336元/m²,220
江南之星 中间套中间楼层小区中间位置 精装修 房东诚心出售,3室2厅2卫·87.27  平米  ·  南  ·  高楼层/34层  ·  精装,萧山经济开发区 江南之星,单价45835元/m²,400
塘河北村 地理位置优越 北面是大悦城 清爽两房 采光充足,2室1厅1卫·58.5  平米  ·  南北  ·  顶层/6层  ·  精装,塘河 塘河北村,单价35043元/m²,205
嘉里桦枫居 大三房，位置好,3室2厅1卫·104.2  平米  ·  南北  ·  高楼层/16层  ·  简装,石桥 嘉里桦枫居,单价35317元/m²,368
郡上蓝湾 新出小区 三开间朝南户型 房东置换诚心出售,3室2厅2卫·87.23  平米  ·  南  ·  底层/17层  ·  毛坯,丁桥 郡上蓝湾,单价22928元/m²,200
阳光郡 精装修3房户型正气，南北通透配套齐全，正对花园,3室2厅1卫·81.46  平米  ·  南北  ·  顶层/28层  ·  精装,三墩 阳光郡,单价39897元/m²,325
尚堂府 新出小区正门位置 全明东边套 大三房可改四房,3室2厅2卫·138.35  平米  ·  东南  ·  低楼层/18层  ·  毛坯,拱宸桥 尚堂府,单价35417元/m²,490
运河人家 景观房 紧凑四房 五号线只有500米，毗邻运河广场,4室2厅2卫·128.05  平米  ·  南北  ·  高楼层/16层  ·  简装,拱宸桥 运河人家,单价46701元/m²,598
绿城西子郁金香岸 精装修三室两厅 有车位，景观好，品质小区,3室2厅1卫·125.61  平米  ·  南  ·  高楼层/26层  ·  精装,闻堰 绿城西子郁金香岸,单价30889元/m²,388
名城燕园 小高层三房 低于市场价50万急卖 优雅安静,3室2厅1卫·88.25  平米  ·  南北  ·  底层/11层  ·  精装,桥西 名城燕园,单价44193元/m²,390
新明半岛 全明户型 房东诚心卖,3室2厅2卫·142.22  平米  ·  南  ·  中楼层/11层  ·  毛坯,闲林 新明半岛,单价21094元/m²,300
君临天峯 大三房 跃层 配套成熟 户型正气 诚心出售,3室2厅3卫·133.83  平米  ·  南北  ·  高楼层/31层  ·  毛坯,临平 君临天峯,单价25405元/m²,340
长睦锦苑 采光无遮挡 全明户型 全明户型 诚心出售,2室2厅1卫·70.52  平米  ·  南  ·  中楼层/14层  ·  简装,丁桥 长睦锦苑,单价24107元/m²,170
潮人汇大厦 新上公寓，精装修宝龙旁，看房有钥匙,1室0厅1卫·44.21  平米  ·  北  ·  中楼层/21层  ·  精装,彩虹城 潮人汇大厦,单价23750元/m²,105
西溪悦城 近阿里巴巴，杭师大站300米开发商精装修 业主诚售,3室2厅1卫·88.43  平米  ·  南  ·  顶层/11层  ·  精装,未来科技城 西溪悦城,单价42972元/m²,380
御景蓝湾 新上房源，房东诚心,3室2厅2卫·100.44  平米  ·  南  ·  低楼层/26层  ·  毛坯,义桥 御景蓝湾,单价27877元/m²,280
明珠公寓  新上精装两房，楼层好采光好，诚心出售，房龄新,2室1厅1卫·52.36  平米  ·  东北  ·  低楼层/7层  ·  精装,九莲 明珠公寓,单价44882元/m²,235
阳光绿色雅苑 三口之家 多层花园洋房 南北通透 看房有钥匙,3室2厅1卫·83.27  平米  ·  南北  ·  低楼层/7层  ·  简装,乔司 阳光绿色雅苑,单价28582元/m²,238
华藏寺巷 户型正气 南北通透 厨卫全明 房东诚心出售,2室2厅1卫·62.32  平米  ·  南北  ·  顶层/7层  ·  精装,潮鸣 华藏寺巷,单价42522元/m²,265
尚农里 青年路小区三房朝南一房朝北，东边套全明户型,4室1厅2卫·104.51  平米  ·  南  ·  高楼层/7层  ·  简装,湖滨 尚农里,单价46407元/m²,485
西城年华公寓 东边套 精装两房 南北通透 户型全明,2室2厅1卫·84.19  平米  ·  南  ·  低楼层/27层  ·  精装,申花 西城年华公寓,单价53451元/m²,450
文二新村 南北通透 改善小三房 中间楼层 诚心卖,3室1厅1卫·70.98  平米  ·  南  ·  中楼层/5层  ·  简装,学军 文二新村,单价81009元/m²,575
候潮公寓 新出两房朝南房东置换 非常诚心 价格可以协商,2室2厅1卫·69.33  平米  ·  南  ·  顶层/7层  ·  简装,雄镇楼 候潮公寓,单价37502元/m²,260
东方福邸  高端小区 品牌开发商 稀缺小户型 房东诚售,2室2厅1卫·87.52  平米  ·  南  ·  中楼层/24层  ·  简装,申花 东方福邸,单价55987元/m²,490
古荡新村东区 中间层 采光好 房东诚心出售,1室2厅1卫·43.24  平米  ·  南  ·  高楼层/6层  ·  简装,古荡 古荡新村东区,单价43941元/m²,190
朗诗国际街区东园 三恒科技住宅，带你体验不一样的居住感！,3室2厅2卫·137.65  平米  ·  南  ·  高楼层/31层  ·  精装,沿江 朗诗国际街区东园,单价33418元/m²,460
采荷人家 新上房源，南北通透，房东诚售，无税,3室2厅1卫·133.1  平米  ·  南  ·  低楼层/18层  ·  精装,南肖埠 采荷人家,单价52592元/m²,700
三里新城兰苑 新出小户型 多房朝南,2室2厅1卫·65.87  平米  ·  南北  ·  低楼层/6层  ·  简装,三里亭 三里新城兰苑,单价42204元/m²,278
紫西花语城  次新房 户型方正 南北通透,3室2厅2卫·89.36  平米  ·  南  ·  高楼层/0层  ·  毛坯,三墩 紫西花语城,单价35810元/m²,320
郡上蓝湾 新交付 环境好 纯边套 4房2卫 设施齐全,4室2厅2卫·119.34  平米  ·  南  ·  中楼层/17层  ·  毛坯,丁桥 郡上蓝湾,单价25976元/m²,310
玫瑰之湾 保利玫瑰湾，离江近 户型好 低于市场10万,4室2厅2卫·137.91  平米  ·  南  ·  低楼层/32层  ·  毛坯,江滨 玫瑰之湾,单价23204元/m²,320
水景城 新上好房 带露台 采光好 位置佳  视野广  诚售,3室2厅2卫·142.04  平米  ·  南北  ·  低楼层/29层  ·  毛坯,临平 水景城,单价24993元/m²,355
新明半岛 轻轨口小高层一梯两户南北通透精装拎包入住有钥匙,2室2厅1卫·88.53  平米  ·  南  ·  低楼层/14层  ·  简装,闲林 新明半岛,单价26545元/m²,235
翠苑二区 稀缺户型 两房朝南 一房朝北 全明通透 采光好,3室1厅1卫·73.67  平米  ·  南  ·  中楼层/6层  ·  简装,翠苑 翠苑二区,单价45473元/m²,335
京惠花园 新上边套 有电梯 南北通透 超大客餐厅,3室2厅1卫·103.07  平米  ·  南  ·  高楼层/7层  ·  简装,闸弄口 京惠花园,单价38615元/m²,398
景芳四区  清爽装修  中间楼层  采光周边无遮挡,2室2厅1卫·66.81  平米  ·  南  ·  高楼层/6层  ·  简装,景芳 景芳四区,单价39814元/m²,266
复兴南苑 （优选房源），大三房，两房朝南，楼层好，采光足,2室1厅1卫·67.97  平米  ·  东西  ·  高楼层/7层  ·  简装,复兴 复兴南苑,单价42666元/m²,290
天虹公寓 新上精装三房东边套，户型方正 看房方便,3室2厅1卫·91.28  平米  ·  南  ·  高楼层/26层  ·  精装,申花 天虹公寓,单价31770元/m²,290
盛元慧谷 精装修边套 户型正气 采光无遮挡 楼层佳 业主诚售,1室2厅1卫·89.92  平米  ·  东  ·  中楼层/26层  ·  精装,彩虹城 盛元慧谷,单价41704元/m²,375
近江二园 天地名校房出售，一房两房朝南，房东诚心出售,2室0厅1卫·52.16  平米  ·  南  ·  低楼层/6层  ·  精装,近江 近江二园,单价54640元/m²,285
北上新城 开发商精装 两房朝南 水电民用 楼层好 采光佳,2室1厅1卫·52.22  平米  ·  南  ·  中楼层/13层  ·  精装,石桥 北上新城,单价22022元/m²,115
江南之星 滨江品质小区 房东诚心出售 两开间朝南 南北通透,3室2厅2卫·89.24  平米  ·  南  ·  中楼层/34层  ·  毛坯,萧山经济开发区 江南之星,单价41461元/m²,370
蓝天城市花园 新上 近地铁  小区中间位置,3室2厅2卫·124.76  平米  ·  南北  ·  中楼层/18层  ·  简装,闸弄口 蓝天城市花园,单价40718元/m²,508
和睦院 精装修，户型朝北，新上层高4米79好房,1室1厅1卫·33.49  平米  ·  北  ·  中楼层/13层  ·  精装,和睦 和睦院,单价25381元/m²,85
万家星城 一期大面积东边套 采光佳视野开阔 房东诚卖,3室2厅2卫·139.33  平米  ·  南  ·  高楼层/22层  ·  简装,东新 万家星城,单价43781元/m²,610
星河明苑 交通方便，诚心出售，价格可谈，靠河边，急卖！,1室1厅1卫·54.7  平米  ·  南  ·  底层/17层  ·  简装,湖墅 星河明苑,单价41865元/m²,229
水榭塘湾 精装三房全明户型  万科品质，小区环境好,3室2厅1卫·86.45  平米  ·  南  ·  低楼层/18层  ·  精装,半山田园 水榭塘湾,单价33083元/m²,286
之江花园 小高层 南北通透 三房朝南带阳台 房东诚心出售,3室3厅2卫·141.04  平米  ·  南北  ·  低楼层/9层  ·  精装,彩虹城 之江花园,单价37578元/m²,530
东方俊园 新出装修好的双阳台大三房 东西全送拎包入住 诚心售,3室2厅2卫·115.86  平米  ·  南  ·  高楼层/6层  ·  精装,临平 东方俊园,单价18557元/m²,215
三墩颐景园 119方 大三房 全明户型 东边套 采光好带车位,3室2厅1卫·119.1  平米  ·  南北  ·  高楼层/14层  ·  简装,三墩 三墩颐景园,单价34425元/m²,410
太阳国际 自住精装修两室两厅一卫，两房朝南次卧带阳台,2室2厅1卫·85.34  平米  ·  南北  ·  低楼层/33层  ·  精装,彩虹城 太阳国际,单价48981元/m²,418
中兴公寓 小区花园位置 三房户型 得房率高 采光良好 诚售,3室2厅1卫·73.38  平米  ·  南  ·  底层/7层  ·  简装,文二西路 中兴公寓,单价39520元/m²,290
天目山路3号 保小本部 中间楼层 2房朝南 南北通透 有钥匙,3室2厅1卫·82.52  平米  ·  南  ·  中楼层/5层  ·  毛坯,省府 天目山路3号,单价54532元/m²,450
锦绣江南 高品质小区环境好，人车分流，一线江景,4室2厅2卫·184.43  平米  ·  南北  ·  中楼层/31层  ·  精装,长河 锦绣江南,单价43377元/m²,800
水印康庭 低总价，适合你的房子,2室1厅1卫·31.36  平米  ·  西  ·  低楼层/12层  ·  简装,三塘 水印康庭,单价23916元/m²,75
翠苑五区 大露台  正气两房，装修好，有钥匙，诚心卖！,2室1厅1卫·59.09  平米  ·  南北  ·  顶层/7层  ·  精装,翠苑 翠苑五区,单价42647元/m²,252
湘湖人家 ，精装修，拎包入住，诚心出售，性价比高，南北通透,2室2厅1卫·85.21  平米  ·  南  ·  中楼层/23层  ·  简装,闻堰 湘湖人家,单价28987元/m²,247
珑昕泽第 精装二房 西边套 满5年 没有税 临平2小3中,2室2厅1卫·84.69  平米  ·  南北  ·  中楼层/17层  ·  简装,临平 珑昕泽第,单价25387元/m²,215
宋都阳光国际花园 方正两房 江景房 诚心出售,2室2厅1卫·86.97  平米  ·  南  ·  顶层/24层  ·  毛坯,九堡 宋都阳光国际花园,单价33115元/m²,288
中高区LOFT，大运河景观净收眼底。开发商统一装修,2室2厅1卫·63.59  平米  ·  东  ·  高楼层/21层  ·  精装,拱宸桥 新明商业中心,单价38528元/m²,245
港湾家园 高楼层 可变四房户型  结构方正 业主诚心出售,3室2厅2卫·145.54  平米  ·  南  ·  高楼层/16层  ·  简装,申花 港湾家园,单价46723元/m²,680
吉庆院 拱宸桥 运河广场 地段很好  标准小套  看房随时,1室1厅1卫·39  平米  ·  南  ·  顶层/5层  ·  简装,拱宸桥 吉庆院,单价41026元/m²,160
紫金文苑 两房朝南，好房，好楼层。,2室2厅1卫·86.35  平米  ·  南北  ·  底层/6层  ·  简装,申花 紫金文苑,单价49218元/m²,425
学院华庭 新上三室2厅2卫 精装修,3室2厅1卫·89.81  平米  ·  南  ·  高楼层/30层  ·  精装,文教 学院华庭,单价75715元/m²,680
金狮苑 标准二室一厅 主卧朝南 厨卫全明 一梯两户 采光好,2室1厅1卫·57.55  平米  ·  南北  ·  中楼层/7层  ·  简装,望江 金狮苑,单价43440元/m²,250
中兴公寓 两房朝南户型 中间楼层 不沿街 采光良好 诚心出售,2室1厅1卫·65.05  平米  ·  南  ·  中楼层/7层  ·  精装,文二西路 中兴公寓,单价46118元/m²,300
世纪新城 西南边套好房！明卫，看房方便,1室0厅1卫·38.12  平米  ·  南  ·  中楼层/27层  ·  简装,文二西路 世纪新城,单价57188元/m²,218
风尚蓝湾 -全明户型-拎包入住-总价低,1室1厅1卫·49.65  平米  ·  北  ·  低楼层/24层  ·  精装,浦沿 风尚蓝湾,单价19738元/m²,98
后横弄 东边套大三房 楼层好得房率高 单价低 适宜居住,3室2厅2卫·125.21  平米  ·  南北  ·  中楼层/7层  ·  简装,临平 后横弄,单价14775元/m²,185
荣华里 新出好房南北通透全明户型，可做两房，实用性强！,1室1厅1卫·44.17  平米  ·  南  ·  顶层/4层  ·  简装,拱宸桥 荣华里,单价33960元/m²,150
彩虹城板块 精装2房 3.9米层高 业主换房诚售 有钥匙诚售,2室2厅1卫·58.4  平米  ·  北  ·  高楼层/23层  ·  精装,浦沿 云杉郡景中心,单价25685元/m²,150
嘉绿西苑 飞机户型 位置好房龄新 有钥匙随时可看房！,3室2厅1卫·102.81  平米  ·  南北  ·  底层/5层  ·  简装,文二西路 嘉绿苑西,单价47174元/m²,485
永和坊 ，好楼层，南北通透标准一室一厅，看房方便,1室1厅1卫·50.84  平米  ·  南  ·  低楼层/6层  ·  简装,拱宸桥 永和坊,单价38356元/m²,195
金域兰庭 精装两房 拎包入住 房东诚售,2室2厅1卫·83.95  平米  ·  南  ·  中楼层/18层  ·  精装,义桥 金域兰庭,单价26206元/m²,220
滨江宝龙旁 4.79米层高精装双钥匙高品质酒店式公寓 租金高,2室2厅2卫·46.42  平米  ·  东  ·  低楼层/20层  ·  精装,浦沿 云杉郡景中心,单价34899元/m²,162
嘉绿苑西 两个卫生间，单价低，低楼层,3室2厅2卫·85.88  平米  ·  南北  ·  底层/7层  ·  精装,文二西路 嘉绿苑西,单价47974元/m²,412
晨光绿苑 3房2厅1卫 西边套 全明户型 中等楼层 采光好,3室2厅2卫·129.67  平米  ·  南  ·  低楼层/7层  ·  毛坯,九堡 晨光绿苑,单价27994元/m²,363
彩虹城 小高层四房，户型好，房型正，有钥匙看房方便,4室2厅2卫·160.77  平米  ·  南北  ·  低楼层/9层  ·  精装,彩虹城 彩虹城,单价43540元/m²,700
景芳六区 钱江新城板块 两房朝南 装修清爽 全天日照无遮挡,2室1厅1卫·72.61  平米  ·  南  ·  高楼层/7层  ·  简装,景芳 景芳六区,单价39389元/m²,286
"金茂悦 户型正气,南北通透, 沿河景观房，了解详情电话咨询",4室2厅2卫·138.09  平米  ·  南  ·  中楼层/27层  ·  毛坯,申花 金茂悦,单价51416元/m²,710
丁桥景园南苑 丁兰广场 全明户型 采光好 看房方便,2室2厅1卫·90.18  平米  ·  南  ·  高楼层/16层  ·  简装,丁桥 丁桥景园南苑,单价24950元/m²,225
滨江4.79米精装双钥匙LOFT公寓 租金可观 地理位置优越,2室2厅2卫·48.74  平米  ·  东  ·  高楼层/20层  ·  精装,浦沿 云杉郡景中心,单价32827元/m²,160
云杉郡 LOFT精装 挑空客厅 有钥匙诚售 朝西向,1室2厅1卫·45.93  平米  ·  西  ·  高楼层/23层  ·  精装,浦沿 云杉郡景中心,单价29393元/m²,135
双菱路 南肖埠核心地段 周边交通方便 购物 菜场 小吃街都近,2室2厅1卫·72.8  平米  ·  东西  ·  低楼层/6层  ·  简装,南肖埠 双菱路,单价39835元/m²,290
精装双钥匙LOFT公寓 好出租 租金可观 地理位置优越,2室2厅2卫·48.74  平米  ·  东  ·  高楼层/20层  ·  精装,浦沿 云杉郡景中心,单价33853元/m²,165
南都银座 正气三房朝南 楼层好采光佳 价格可议 欢迎询价,3室2厅1卫·122.17  平米  ·  南  ·  中楼层/28层  ·  精装,文二西路 南都银座,单价47475元/m²,580
新金都城市花园 1楼送30方露台 采光很好,3室2厅1卫·113.92  平米  ·  南北  ·  底层/6层  ·  简装,文一西路 新金都城市花园,单价55302元/m²,630
三塘樱园 一梯两户 两房朝南 送露台 户型正气 位置好,3室2厅1卫·72.19  平米  ·  南  ·  顶层/7层  ·  简装,三塘 三塘樱园,单价35739元/m²,258
蓝天城市花园  精装三室   诚意置换,3室2厅2卫·121.37  平米  ·  南北  ·  低楼层/6层  ·  精装,闸弄口 蓝天城市花园,单价44080元/m²,535
三塘北村 两房朝南，听朝北，全明户型，采光无敌,2室2厅1卫·63.55  平米  ·  南  ·  高楼层/7层  ·  简装,三塘 三塘北村,单价33832元/m²,215
十五家园 店长主推：两房朝南 户型正气 装修清爽 环北市场旁,2室1厅1卫·54.77  平米  ·  南北  ·  中楼层/7层  ·  简装,环北市场 十五家园,单价44002元/m²,241
盛元慧谷 精装两房滨江实验高楼层视野开阔诚心出售看房方便,2室2厅1卫·94.66  平米  ·  南  ·  中楼层/26层  ·  精装,彩虹城 盛元慧谷,单价41200元/m²,390
未来城二期  万科品牌物业服务好管理好，行业标杆,3室2厅2卫·118.16  平米  ·  南  ·  低楼层/34层  ·  精装,良渚 未来城二期,单价30044元/m²,355
原筑壹号 火车东站旁5.6米LOFT南北错层双阳台 民用水电,1室1厅1卫·74.86  平米  ·  南  ·  高楼层/16层  ·  毛坯,艮北新城 原筑壹号,单价12557元/m²,94
湘湖人家 精全送，诚心出售装修，拎包入住，家具家电,2室2厅1卫·85.31  平米  ·  南  ·  中楼层/23层  ·  精装,闻堰 湘湖人家,单价29422元/m²,251
风林公寓 两房朝南 采光好 交通便利,2室2厅1卫·59.06  平米  ·  南  ·  中楼层/16层  ·  简装,九堡 风林公寓,单价35557元/m²,210
金都花园 近地铁 清爽两房 诚心出售,2室1厅1卫·52.91  平米  ·  南北  ·  底层/7层  ·  简装,文三西路 金都花园,单价42525元/m²,225
水陆寺巷 楼层佳 采光好 交通方便,2室1厅1卫·55.78  平米  ·  南  ·  底层/7层  ·  毛坯,长庆 水陆寺巷,单价42847元/m²,239
稻香园北区 两房朝南自住装修，全明户型，送单独储藏室,2室1厅1卫·73.77  平米  ·  南北  ·  中楼层/7层  ·  简装,湖墅 稻香园北区,单价39311元/m²,290
江涛阁  三房 清爽装修 南北通透 客厅朝西带阳台 诚售,3室2厅1卫·124.79  平米  ·  西  ·  中楼层/18层  ·  精装,彩虹城 江涛阁,单价36061元/m²,450
新华坊 标准一室一厅 装修清爽 阳光采光无影响 交通便利,1室1厅1卫·39.18  平米  ·  南  ·  低楼层/7层  ·  简装,环北市场 新华坊,单价47218元/m²,185
通润银座 交通便捷 生活配套设施完善 精装修LOFT户型,1室1厅1卫·38.73  平米  ·  南  ·  高楼层/18层  ·  精装,清泰 通润银座,单价38730元/m²,150
南苑毓秀家园 精装修拎包入住 70年产权小住宅 单价低,1室1厅1卫·39.86  平米  ·  北  ·  低楼层/9层  ·  精装,临平 南苑毓秀家园,单价21325元/m²,85
天虹公寓 西湖区浙大紫金港旁精装两房南北通透,3室1厅1卫·93.02  平米  ·  南  ·  低楼层/24层  ·  精装,申花 天虹公寓,单价31714元/m²,295
景芳三区 新上优质两房，楼层佳采光好 业主换房急卖,2室0厅1卫·48.34  平米  ·  南北  ·  高楼层/7层  ·  简装,景芳 景芳三区,单价40339元/m²,195
北秀蓝湾 随时看房 诚心出售,3室2厅2卫·124.28  平米  ·  南北  ·  高楼层/11层  ·  简装,良渚 北秀蓝湾,单价20116元/m²,250
长睦邻里人家 小2房 刚需之选 房东自住装修,2室2厅1卫·69.34  平米  ·  南  ·  高楼层/16层  ·  精装,丁桥 长睦邻里人家,单价25959元/m²,180
沈塘新村 文三本部公办初中近沈塘桥不占学籍户口清晰,2室1厅1卫·54.01  平米  ·  南  ·  中楼层/4层  ·  简装,文教 沈塘新村,单价60174元/m²,325
龙门公寓 主卧朝南精装小套 满五没有税 全明精装修,1室1厅1卫·42.9  平米  ·  南  ·  低楼层/16层  ·  精装,塘河 龙门公寓,单价34965元/m²,150
怡丰城 次新小区 loft 中间楼层 房东诚心出售 随时可看,1室1厅1卫·38.89  平米  ·  南北  ·  中楼层/13层  ·  毛坯,乔司 怡丰城,单价19285元/m²,75
平海公寓 新上房东诚心出售 靠近小曲花园,3室1厅1卫·96.97  平米  ·  东西  ·  高楼层/18层  ·  简装,湖滨 平海公寓,单价71672元/m²,695
天阳观筑 小区位置好，出行方便，自住装修，可拎包入住,3室2厅1卫·88.88  平米  ·  南  ·  低楼层/16层  ·  简装,丁桥 天阳观筑,单价29815元/m²,265
学院华庭 视野开阔，采光佳，南北通透，户型方正！,3室2厅2卫·89.75  平米  ·  南  ·  顶层/30层  ·  毛坯,文教 学院华庭,单价63510元/m²,570
春江花月 绿城品质 精装修保养好 南北通透 看房有钥匙,4室2厅2卫·189.39  平米  ·  南北  ·  中楼层/11层  ·  精装,南星 春江花月,单价67585元/m²,1280
水印康庭 精装三房西边套，沿河景观，得房率高，中间楼层,3室2厅2卫·134.15  平米  ·  南  ·  中楼层/18层  ·  精装,三塘 水印康庭,单价40999元/m²,550
机神新村 有营业税，不占学籍，濮家教育集团，看房有钥匙,2室1厅1卫·54.35  平米  ·  南北  ·  低楼层/6层  ·  简装,闸弄口 机神新村,单价40478元/m²,220
华家池农大宿舍 采光好小区安静，全明户型，三房朝南,3室1厅1卫·79.82  平米  ·  南北  ·  低楼层/7层  ·  简装,南肖埠 华家池农大宿舍,单价48860元/m²,390
永安坊 一室一厅 房龄新 位置安静 适合养老,1室1厅1卫·40.8  平米  ·  南  ·  底层/6层  ·  简装,拱宸桥 永安坊,单价33088元/m²,135
江南之星 滨江高端楼盘 热带园池设计 高低起伏 如画如景,3室2厅2卫·88.87  平米  ·  南  ·  高楼层/34层  ·  毛坯,萧山经济开发区 江南之星,单价40509元/m²,360
南都花园 稀缺小两房，总价低不沿马路,2室1厅1卫·67.65  平米  ·  南  ·  顶层/7层  ·  简装,文一西路 南都花园,单价41390元/m²,280
西溪河东 一楼带大院子，全明户型，小区沿河，停车方便,3室0厅1卫·62.24  平米  ·  南北  ·  底层/6层  ·  毛坯,学军 西溪河东,单价86440元/m²,538
华家池 年轻人过渡好房 总价低  杭州大厦501 购物方便！,1室1厅1卫·44.86  平米  ·  南北  ·  高楼层/6层  ·  简装,南肖埠 华家池,单价40125元/m²,180
逸都花苑 户型正气 采光好,3室2厅2卫·128.19  平米  ·  南  ·  低楼层/18层  ·  毛坯,临平 逸都花苑,单价18722元/m²,240
南肖埠小区 装修清爽 看房有钥匙 房东诚心,2室1厅1卫·56.53  平米  ·  南  ·  高楼层/7层  ·  简装,南肖埠 南肖埠小区,单价40686元/m²,230
后市街 三开间朝南 阳光充足 南北通透 非常适合居住,2室1厅1卫·56.58  平米  ·  南  ·  高楼层/7层  ·  毛坯,鼓楼 后市街,单价50371元/m²,285
郡上蓝湾 纯东边套 4房2卫 带车位 中间楼层 采光好,4室2厅2卫·119.34  平米  ·  南  ·  中楼层/17层  ·  毛坯,丁桥 郡上蓝湾,单价26814元/m²,320
闲湖城 房东自住装修。大三房。看房有钥匙,3室2厅2卫·116.95  平米  ·  南北  ·  低楼层/28层  ·  精装,闲林 闲湖城,单价24797元/m²,290
新城市广场 总价低的单身公寓 滨江物业民用电 以租还贷,1室1厅1卫·40.2  平米  ·  北  ·  高楼层/30层  ·  精装,南肖埠 新城市广场,单价21144元/m²,85
嘉绿铭苑 3房户型，中间楼层，买来直接能用，诚心出售！！,3室2厅1卫·116.11  平米  ·  南北  ·  低楼层/18层  ·  简装,文二西路 嘉绿铭苑,单价44785元/m²,520
横广福路 凤起路交通站台出口处 长寿桥可直接入学 嘉里旁,2室1厅1卫·69.85  平米  ·  南北  ·  中楼层/7层  ·  简装,众安桥 横广福路,单价50107元/m²,350
翠苑三区 位置好，户型正气，价格实惠,3室1厅1卫·66.52  平米  ·  东  ·  高楼层/6层  ·  精装,翠苑 翠苑三区,单价38334元/m²,255
戈雅公寓 一线江景 精装修 全明户型 黄金楼层 业主诚心出售,3室2厅1卫·109.68  平米  ·  南北  ·  顶层/32层  ·  精装,闻堰 戈雅公寓,单价28720元/m²,315
白洋港城 刚需三房两卫 纯毛坯从未住人 打造您自己的家,3室2厅2卫·86.83  平米  ·  南北  ·  中楼层/27层  ·  毛坯,勾庄 白洋港城,单价31095元/m²,270
白洋港城 纯毛坯从未入住 刚需三房两卫 得房率高,3室2厅2卫·88.09  平米  ·  南北  ·  中楼层/27层  ·  毛坯,勾庄 白洋港城,单价30650元/m²,270
宋都阳光国际花园 ，大两房，南北通透，诚售,2室2厅1卫·85.34  平米  ·  南北  ·  高楼层/24层  ·  简装,九堡 宋都阳光国际花园,单价35154元/m²,300
社坛苑 长寿桥春蕾 社坛苑小区 房龄新,2室2厅1卫·90.46  平米  ·  南北  ·  中楼层/7层  ·  精装,天水 社坛苑,单价57484元/m²,520
春天花园 正气四房，西边套，不沿马路，采光好,4室2厅2卫·142.97  平米  ·  南北  ·  中楼层/6层  ·  简装,文一西路 春天花园,单价48122元/m²,688
候潮公寓 东边套 每个房间都有窗户,1室1厅1卫·48.47  平米  ·  南  ·  中楼层/7层  ·  毛坯,雄镇楼 候潮公寓,单价39200元/m²,190
永安坊 位置安静 靠近花园 西边套 南北通透 采光无敌,2室2厅1卫·61.14  平米  ·  南  ·  中楼层/6层  ·  毛坯,拱宸桥 永安坊,单价35165元/m²,215
龙湖滟澜山 新出大两房 高端物业 品质小区 房东诚心出售,2室2厅1卫·89.23  平米  ·  南  ·  低楼层/22层  ·  简装,金沙湖 龙湖滟澜山,单价38104元/m²,340
复尚发展大厦 精装两房 拎包入住 业主诚售,2室1厅1卫·67.75  平米  ·  西南  ·  中楼层/25层  ·  精装,申花 复尚发展大厦,单价19188元/m²,130
万安城市花园西苑 东河景观房,3室2厅2卫·135  平米  ·  南北  ·  高楼层/6层  ·  简装,潮鸣 万安城市花园西苑,单价55556元/m²,750
普升福邸  精装从没住过 南北双阳台 另外赠送15方 价可谈,3室2厅1卫·89.47  平米  ·  南北  ·  中楼层/16层  ·  精装,艮北新城 普升福邸,单价42472元/m²,380
三里家园三区 一梯两户，全明户型,3室2厅1卫·80.77  平米  ·  南  ·  底层/6层  ·  毛坯,三里亭 三里家园三区,单价35904元/m²,290
总价低，小区环境好,3室2厅1卫·85.36  平米  ·  南  ·  低楼层/17层  ·  简装,转塘 篁外山庄,单价32216元/m²,275
东亚新干线 彭埠口 精装修4.2loft 拎包入住 房东诚售,2室1厅1卫·42.26  平米  ·  北  ·  低楼层/22层  ·  精装,火车东站 盈澜商务中心,单价27922元/m²,118
莲花新村 位置好 楼层好！南北向！2房！业主诚心卖的！,2室1厅1卫·58.19  平米  ·  南  ·  中楼层/7层  ·  简装,文三西路 莲花新村,单价43822元/m²,255
世纪新城 朝南住宅 不占学籍看房方便 诚心出售,1室1厅1卫·45.22  平米  ·  南  ·  中楼层/27层  ·  简装,文二西路 世纪新城,单价52853元/m²,239
新华园 三室两厅两卫，绿城高端住宅，从未住过，纯毛坯，有钥匙,3室2厅2卫·148.7  平米  ·  南  ·  高楼层/23层  ·  毛坯,湖墅 新华园,单价77337元/m²,1150
景芳三区 新出小孤套，边套全明户型，楼层出入方便,1室0厅1卫·35.15  平米  ·  南  ·  底层/7层  ·  毛坯,景芳 景芳三区,单价44097元/m²,155
东边套，东厦东港花苑3房，30万精装修，中间楼层房东诚心出售,3室1厅1卫·86.71  平米  ·  南  ·  高楼层/11层  ·  精装,临平 东厦东港花苑,单价22835元/m²,198
新华园 新出好房 两室两厅两卫 中间楼层，采光好 房东诚心卖,2室2厅2卫·89.32  平米  ·  南北  ·  低楼层/8层  ·  精装,湖墅 新华园,单价77810元/m²,695
恩济花苑二期框架结构 东边套 视野开阔 带露台,3室2厅2卫·86.4  平米  ·  南  ·  高楼层/6层  ·  简装,文二西路 恩济花苑,单价54745元/m²,473
临江花园 毛坯房 小区中间位置 三房朝南带飘窗 南北双阳台,4室2厅2卫·184.75  平米  ·  南  ·  中楼层/11层  ·  毛坯,彩虹城 临江花园,单价36806元/m²,680
金茂悦 沿河景观房 中间楼层 纯边套 全明户型,4室2厅2卫·128.73  平米  ·  南北  ·  底层/27层  ·  精装,申花 金茂悦,单价47386元/m²,610
中江花园 南北通透，一房朝北，两房朝南，厅朝南，好房诚售！,3室2厅2卫·128.79  平米  ·  南北  ·  中楼层/7层  ·  简装,宝善 中江花园,单价44258元/m²,570
新城香悦奥府 楼层好 采光佳 交通便利 次新房 纯毛坯,3室2厅2卫·87.02  平米  ·  南  ·  中楼层/28层  ·  毛坯,萧山经济开发区 新城澜颂奥府,单价41370元/m²,360
三塘竹苑 新挂牌两房朝南 精装修全明两房 中间楼层 送储藏间,2室2厅1卫·73.33  平米  ·  南北  ·  高楼层/6层  ·  简装,三塘 三塘竹苑,单价38865元/m²,285
白马湖壹号 多层洋房 次新小区 绿城物业 户型方正 南北通透,3室2厅2卫·89  平米  ·  南  ·  中楼层/5层  ·  简装,白马湖 白马湖壹号,单价44944元/m²,400
顺发康庄 中间套 户型方正 朝南全明户型  看房方便,2室2厅2卫·88  平米  ·  南  ·  中楼层/29层  ·  精装,钱江世纪城 顺发康庄,单价32386元/m²,285
新帝朗郡 万科物业有保障 边套户型 靠近学军 学习气氛好,2室2厅1卫·80.39  平米  ·  南  ·  高楼层/27层  ·  毛坯,转塘 朗郡庭园,单价45404元/m²,365
南北通透 户型正气 高楼层采光条件好,3室1厅1卫·90.86  平米  ·  南北  ·  高楼层/11层  ·  简装,丁桥 丁桥兰苑,单价25094元/m²,228
"边套，视野开阔采光好,非常通透",2室1厅1卫·54.27  平米  ·  南北  ·  顶层/6层  ·  精装,翠苑 翠苑三区,单价40538元/m²,220
政新花园 小户型 总价低 性价比高 非常诚心卖 看房方便,3室1厅1卫·81.76  平米  ·  南  ·  底层/5层  ·  简装,文一西路 政新花园,单价52593元/m²,430
纯毛坯  可以直接拎包入住  看房直接联系我  诚心卖,3室2厅1卫·82.05  平米  ·  南  ·  高楼层/17层  ·  毛坯,丁桥 北城枫景园,单价26813元/m²,220
永兴坊 2房朝南 装修清爽 停车方便 生活出行方便,2室2厅1卫·65.89  平米  ·  南北  ·  高楼层/7层  ·  简装,拱宸桥 永兴坊,单价36424元/m²,240
外东山弄2000年次新房 中间楼层三房朝南 靠近植物园西湖,4室1厅1卫·105.03  平米  ·  南  ·  低楼层/4层  ·  简装,黄龙 外东山弄,单价69980元/m²,735
柳营花园 新出好房 精装修,1室1厅1卫·46.62  平米  ·  东  ·  中楼层/7层  ·  简装,长庆 柳营花园,单价45045元/m²,210
永庆坊 两房朝南 可做三房 一梯两户 南北通透 全明户型！,2室2厅1卫·73.3  平米  ·  南北  ·  高楼层/7层  ·  简装,拱宸桥 永庆坊,单价36153元/m²,265
区政府旁，一线江景，星光大道，江陵，租金七千+,2室2厅1卫·73.4  平米  ·  东北  ·  高楼层/27层  ·  精装,滨江区政府 星光国际,单价23161元/m²,170
长睦华天苑 ，纯东边套，客厅带阳台，采光无遮挡！,2室2厅1卫·64.13  平米  ·  南  ·  中楼层/17层  ·  毛坯,丁桥 长睦华天苑,单价25729元/m²,165
湖墅观邸 精装修全明边套 拎包入住滴 中间楼层 看房要预约！,2室1厅1卫·63.15  平米  ·  南北  ·  中楼层/18层  ·  精装,和睦 湖墅观邸,单价57007元/m²,360
金域东方园 电梯花园洋房 南北通透 采光好 诚心出售,3室2厅2卫·89.59  平米  ·  南北  ·  中楼层/11层  ·  毛坯,义桥 金域东方园,单价24556元/m²,220
博邑郡 朝南两房 精装lOFT 楼层好 交通配套成熟 诚心卖,2室2厅1卫·66.45  平米  ·  南  ·  高楼层/19层  ·  精装,长河 恒鼎博邑郡,单价29345元/m²,195
瓶窑新城、精装小三房、三开间朝南、客厅带阳台可拎包入户,3室2厅2卫·100.97  平米  ·  南北  ·  底层/18层  ·  毛坯,瓶窑 美都良景学府,单价22779元/m²,230
昆仑玉府 边套送车位，景观楼层，有钥匙看房方便，房东诚心出售,4室2厅2卫·118.41  平米  ·  南  ·  低楼层/18层  ·  毛坯,良渚 昆仑玉府,单价24491元/m²,290
北城枫景园 两房朝南  采光好不遮挡 房东诚心出售 中间楼层,2室2厅1卫·62.5  平米  ·  南  ·  中楼层/17层  ·  简装,丁桥 北城枫景园,单价29600元/m²,185
萧山宝龙城市广场，纯毛坯，诚意出售，看房方便,1室1厅1卫·40.32  平米  ·  东  ·  低楼层/27层  ·  毛坯,萧山经济开发区 萧山宝龙城市广场,单价19345元/m²,78
新挂牌 交通晓时代 全明边套 四房两卫 纯毛坯没住过,4室2厅2卫·113  平米  ·  南  ·  低楼层/16层  ·  毛坯,艮北新城 晓时代公寓,单价37168元/m²,420
柳浪东苑 品质小区，环境优雅恋上南山路 咫尺西湖 适合养老,3室2厅1卫·95.55  平米  ·  南北  ·  底层/7层  ·  简装,吴山 柳浪东苑,单价83726元/m²,800
中旅城仕公馆 标准三室两厅两卫全明户型 前后无遮挡 采光充足,3室2厅1卫·88.51  平米  ·  南北  ·  中楼层/11层  ·  精装,丁桥 中旅城仕公馆,单价39544元/m²,350
桃源好房子 房东诚心置换 店长主推,3室2厅1卫·105.29  平米  ·  南北  ·  顶层/7层  ·  毛坯,文一西路 桃源春居,单价28493元/m²,300
野风三期，三开间朝南，精装两房，出行方便，可拎包入住，,2室2厅1卫·79.41  平米  ·  南  ·  中楼层/25层  ·  精装,和平广场 现代景苑,单价54149元/m²,430
融城印象 次新房品质、,3室2厅2卫·101.88  平米  ·  南  ·  中楼层/16层  ·  毛坯,丁桥 融城印象,单价31410元/m²,320
金隅田员外 豪华装修 家具全送 房东诚心卖 靠公园,3室2厅1卫·88.19  平米  ·  南  ·  底层/20层  ·  精装,半山田园 金隅田员外,单价27781元/m²,245
金域东方园 花园洋房 一梯两户 诚心出售,3室2厅2卫·88.55  平米  ·  南北  ·  底层/6层  ·  毛坯,义桥 金域东方园,单价24845元/m²,220
北景枫丹苑 南北通透 房东诚售 看房随时 有钥匙,2室2厅1卫·88.39  平米  ·  南  ·  低楼层/18层  ·  毛坯,石桥 北景枫丹苑,单价26247元/m²,232
北景水镜苑 品质小区 两室两厅 南北通透 诚心出售,2室2厅1卫·95.58  平米  ·  南北  ·  低楼层/11层  ·  精装,石桥 北景水镜苑,单价28772元/m²,275
新城澜颂奥府 小区环境优美 次新小区 品质好 毛坯可塑性高,3室2厅2卫·88.25  平米  ·  南  ·  低楼层/27层  ·  毛坯,萧山经济开发区 新城澜颂奥府,单价39093元/m²,345
新城香悦奥府 纯毛坯 中间楼层 房东诚售 四房改善,4室2厅2卫·116.6  平米  ·  南北  ·  中楼层/27层  ·  毛坯,萧山经济开发区 新城澜颂奥府,单价36021元/m²,420
海棠公寓 绿城品质东城实验旁 重要的是楼层和价格合适啊,3室2厅1卫·89.2  平米  ·  南  ·  高楼层/16层  ·  毛坯,九堡 海棠公寓,单价35314元/m²,315
大美公寓西边套，楼层佳，交通便利上学方便省时省力省心！,3室2厅2卫·134.79  平米  ·  南北  ·  低楼层/18层  ·  毛坯,临平 大美公寓,单价28044元/m²,378
嘉绿青苑精致98平三房 房东诚心出售,3室2厅1卫·98.66  平米  ·  南北  ·  中楼层/24层  ·  简装,文二西路 嘉绿青苑,单价48145元/m²,475
全新未住过 法式装修 有配套车位 看房方便,2室2厅1卫·88.02  平米  ·  南北  ·  高楼层/14层  ·  精装,西溪 西溪诚园,单价71575元/m²,630
紫玉福邸 精装小户型 中间楼层 采光好。89方3房2厅1卫,3室2厅1卫·89  平米  ·  南  ·  中楼层/16层  ·  精装,笕桥 紫玉福邸,单价50562元/m²,450
新城香悦奥府 中间楼层 三开间朝南 纯毛坯 全明卫,3室2厅2卫·86.77  平米  ·  南北  ·  中楼层/27层  ·  毛坯,萧山经济开发区 新城澜颂奥府,单价40337元/m²,350
水榭塘湾 精装三房，楼层佳位置好 诚售,3室2厅1卫·88.97  平米  ·  南北  ·  高楼层/18层  ·  精装,半山田园 水榭塘湾,单价34843元/m²,310
信达柳郡 简装三房 楼层好 得房率高，满两年，看房有钥匙,3室2厅1卫·92.14  平米  ·  南北  ·  低楼层/18层  ·  简装,瓶窑 信达柳郡,单价21706元/m²,200
保利东湾，纯毛坯，全线江景,5室2厅3卫·214.35  平米  ·  南  ·  中楼层/32层  ·  毛坯,江滨 保利东湾,单价25146元/m²,539
祥盛家园 瓶窑新城 纯毛坯 诚心出售,2室2厅1卫·79.7  平米  ·  南北  ·  高楼层/11层  ·  毛坯,瓶窑 祥盛家园,单价20075元/m²,160
金都新城 三房，二房朝南，小区中间位置，采光好,3室1厅1卫·79.23  平米  ·  南北  ·  中楼层/6层  ·  简装,文三西路 金都新城,单价47709元/m²,378
小区环境好 南北通透  全明户型  楼层好,2室2厅1卫·89.98  平米  ·  南北  ·  高楼层/16层  ·  毛坯,丁桥 丁桥景园南苑,单价24450元/m²,220
嘉南公寓  不沿路   诚心出售房东说只要客户诚心价格可谈,4室2厅2卫·132.55  平米  ·  南  ·  高楼层/11层  ·  简装,文一西路 金成嘉南公寓,单价47152元/m²,625
枫华府第 70年产权公寓！朝南带阳台！采光无遮挡！,1室0厅1卫·46.3  平米  ·  南  ·  低楼层/25层  ·  简装,九莲 枫华府第,单价51836元/m²,240
长寿桥 安吉路 百井大厦 采光好 看房提前联系,3室1厅1卫·110.43  平米  ·  南北  ·  高楼层/19层  ·  简装,天水 百井大厦,单价49986元/m²,552
绿洲花园 东边套，河景观房源，有钥匙，诚心出售,3室2厅2卫·143.97  平米  ·  南北  ·  高楼层/11层  ·  简装,打铁关 绿洲花园,单价55567元/m²,800
长寿桥春蕾 三华园 房龄新 电梯房,3室2厅2卫·129.12  平米  ·  东南  ·  中楼层/28层  ·  简装,天水 三华园,单价39498元/m²,510
锦润公寓 火 车东站 旁 地 铁 房 个税 全明 可公积贷款,3室2厅1卫·89.74  平米  ·  南  ·  高楼层/16层  ·  简装,笕桥 锦润公寓,单价41230元/m²,370
申花板块 户型正气 南北通透   看房方便,4室2厅2卫·139.77  平米  ·  南  ·  低楼层/24层  ·  毛坯,申花 雍荣华庭,单价45074元/m²,630
晓时代公寓 115方送23方大四房，七堡站100米，边套全明,4室2厅2卫·115.17  平米  ·  南北  ·  高楼层/16层  ·  毛坯,艮北新城 晓时代公寓,单价39941元/m²,460
篁外山庄 中装2房文三街在读 近地铁 商圈医疗配套齐全诚售,3室1厅2卫·86.52  平米  ·  南  ·  中楼层/17层  ·  简装,转塘 篁外山庄,单价34096元/m²,295
世纪新城 电梯三房精装修 loft 总价低,3室1厅1卫·92.72  平米  ·  东西  ·  低楼层/25层  ·  简装,文二西路 世纪新城,单价44219元/m²,410
金沙湖壹号 万亚名城 两室一厅一卫 中装诚售,5室2厅2卫·60.03  平米  ·  东南  ·  中楼层/19层  ·  简装,金沙湖 金沙湖壹号,单价24988元/m²,150
长德公寓   楼层好 南北通透  边套户型  长青风帆,2室1厅1卫·65.8  平米  ·  南北  ·  高楼层/7层  ·  精装,三塘 长德公寓,单价36474元/m²,240
金沙湖壹号 龙湖天街对面，loft公寓，配套齐全，交通方便,2室2厅2卫·72.85  平米  ·  南北  ·  顶层/19层  ·  简装,金沙湖 金沙湖壹号,单价22649元/m²,165
中旅城仕公馆 四室两厅两卫户型且方正 楼层佳 采光好,4室2厅2卫·138.39  平米  ·  南北  ·  中楼层/11层  ·  毛坯,丁桥 中旅城仕公馆,单价37864元/m²,524
融科瑷骊山 复式两房 清爽毛坯 看房方便 诚心出售,1室2厅2卫·80.98  平米  ·  南北  ·  中楼层/11层  ·  毛坯,转塘 融科瑷骊山,单价33342元/m²,270
水印城 精装修三房 户型方正 楼层好 房东诚心出售,3室2厅1卫·137.61  平米  ·  东南  ·  中楼层/26层  ·  精装,长河 水印城,单价45055元/m²,620
融科瑷骊山 精装温馨小居室 百米音乐学院站 生活配套齐全,1室1厅1卫·37.45  平米  ·  南  ·  高楼层/12层  ·  精装,转塘 融科瑷骊山,单价45394元/m²,170
阳光地带 两房朝南 厅朝南 采光好 闹中取静 价格可商,3室2厅2卫·137.46  平米  ·  南北  ·  中楼层/5层  ·  精装,文一西路 阳光地带,单价58199元/m²,800
御景蓝湾 房东诚心 南北通透 三开间朝南,3室2厅2卫·100.4  平米  ·  南北  ·  低楼层/26层  ·  简装,义桥 御景蓝湾,单价24900元/m²,250
红苹果家园 毛坯可随意装修 带地下室 单价低总价低,3室2厅2卫·114.74  平米  ·  南北  ·  底层/18层  ·  毛坯,九堡 红苹果家园,单价27018元/m²,310
金秋花园 滨江房产 小区环境好,3室1厅1卫·92.24  平米  ·  南北  ·  高楼层/7层  ·  简装,南肖埠 金秋花园,单价39029元/m²,360
广宇东承府 4房精装修 带地暖 客厅带露台 一梯一户 诚心卖,4室2厅2卫·125.56  平米  ·  南北  ·  低楼层/17层  ·  精装,丁桥 广宇东承府,单价34645元/m²,435
塘河北村 清爽2房南边套户型 业主诚心卖，总价低，看房有钥匙,2室1厅1卫·57.18  平米  ·  南北  ·  顶层/7层  ·  简装,塘河 塘河北村,单价34103元/m²,195
热心房东诚卖+开发商精装三房+楼层好+空置随时交房+满二省税,3室2厅2卫·131.04  平米  ·  南  ·  低楼层/32层  ·  精装,浦沿 观邸国际寓所,单价39683元/m²,520
南岸晶都，东边套，全明户型，南北通透，纯毛坯,4室2厅2卫·166.94  平米  ·  南北  ·  高楼层/18层  ·  毛坯,长河 南岸晶都,单价34144元/m²,570
岸上蓝山 新上好房 带储藏室 看房方便,2室2厅1卫·88.04  平米  ·  南北  ·  中楼层/6层  ·  精装,闲林 岸上蓝山,单价26124元/m²,230
西边套 精装修 户型正气 南北通透 一梯两户  小区位置好,2室1厅1卫·55.57  平米  ·  南北  ·  顶层/7层  ·  精装,朝晖 朝晖九区,单价37790元/m²,210
瑷骊山、花园洋房、可随时看房、近公园、带花园、带车位,5室2厅3卫·226.11  平米  ·  南北  ·  底层/5层  ·  毛坯,转塘 融科瑷骊山,单价35381元/m²,800
融科瑷骊山 顶跃洋房 带40方大露台 清爽毛坯 满二 带车位,5室2厅3卫·262.78  平米  ·  南北  ·  顶层/5层  ·  毛坯,转塘 融科瑷骊山,单价30444元/m²,800
罗兰春天 罗兰春天新上大三房附加面积多 房东诚售目前简装,2室2厅1卫·89.77  平米  ·  南北  ·  中楼层/16层  ·  简装,九堡 罗兰春天,单价32305元/m²,290
景芳五区 新出超好两房朝南 采光佳 视野好 房东诚心卖,2室1厅1卫·60.4  平米  ·  南北  ·  顶层/7层  ·  简装,景芳 景芳五区,单价40563元/m²,245
上东领地 精装三房 全明通透 采光视野好 户型正气 诚心卖,3室2厅1卫·87.15  平米  ·  南北  ·  高楼层/16层  ·  精装,丁桥 上东领地,单价32702元/m²,285
德信泊林印象 三开间朝南 毛坯好房,3室2厅2卫·125.56  平米  ·  南北  ·  低楼层/17层  ·  毛坯,九堡 德信泊林印象,单价34247元/m²,430
嘉南小三房 位置好 房东诚心出售 难得出来一套的,3室2厅1卫·95.17  平米  ·  南北  ·  底层/6层  ·  简装,文一西路 金成嘉南公寓,单价55690元/m²,530
康城国际 近地铁 精装大两房  满两年,2室2厅1卫·105.02  平米  ·  南北  ·  中楼层/26层  ·  简装,临平 康城国际,单价23329元/m²,245
水景城 精装三房 中间楼层 采光无忧 房东诚售,3室2厅2卫·122.55  平米  ·  南北  ·  高楼层/29层  ·  简装,临平 水景城,单价25296元/m²,310
篁外山庄 中装3房文三街在读 近地铁 商圈医疗配套齐全诚售,3室2厅2卫·88.83  平米  ·  南北  ·  高楼层/17层  ·  简装,转塘 篁外山庄,单价35461元/m²,315
原筑壹号 标准5.6米LOFT 南北双阳台民用水电 景观楼层,1室1厅1卫·75.11  平米  ·  南  ·  中楼层/16层  ·  毛坯,艮北新城 原筑壹号,单价14645元/m²,110
孝丰路 中间楼层 采光无遮挡 总价低 南北通透 近少年宫,2室0厅1卫·48.85  平米  ·  南北  ·  中楼层/5层  ·  精装,武林 孝丰路,单价57318元/m²,280
海景城 多方朝南 楼层好 全明户型 房东诚心卖,3室2厅2卫·111.26  平米  ·  南  ·  中楼层/7层  ·  简装,九堡 海景城,单价26065元/m²,290
罗兰春天 新上毛坯三房出售 利用空间大，全明落地大窗户,3室2厅1卫·86.19  平米  ·  南  ·  高楼层/16层  ·  毛坯,九堡 罗兰春天,单价35619元/m²,307
广宇上东城 精致三房 给您一个温馨的家 拎包入住 总价低,3室2厅1卫·84.04  平米  ·  南北  ·  低楼层/16层  ·  简装,丁桥 上东臻品,单价32485元/m²,273
拱宸新苑 一室一厅精装修诚心出售 近地铁 房龄新,1室1厅1卫·44.62  平米  ·  南  ·  中楼层/6层  ·  精装,拱宸桥 拱宸新苑,单价36979元/m²,165
醋坊新村 一楼带院子，总价低小套，看房方便，诚心出售,1室1厅1卫·34.85  平米  ·  南  ·  底层/7层  ·  简装,潮鸣 醋坊新村,单价41607元/m²,145
宋都阳光国际花园 南北通透 西边套 大3房 楼层好 视野好,3室2厅1卫·127.57  平米  ·  南北  ·  中楼层/23层  ·  毛坯,九堡 宋都阳光国际花园,单价35275元/m²,450
金地自在城 东苑精装大四房 位置好环境好,4室2厅2卫·126.99  平米  ·  南  ·  中楼层/26层  ·  精装,三墩 金地自在城,单价40948元/m²,520
翠苑三区 黄金楼层新出好房，全明户型方正,2室1厅1卫·59.99  平米  ·  南北  ·  高楼层/7层  ·  简装,翠苑 翠苑三区,单价42507元/m²,255
房东诚心出售 店长诚荐 户型正气  总价低,2室2厅1卫·92.91  平米  ·  南北  ·  中楼层/7层  ·  精装,文一西路 湖畔莲花港,单价41976元/m²,390
元都新景公寓 精装两房 南北通透 楼层高视野开阔 房东诚卖,3室2厅1卫·91.5  平米  ·  南北  ·  顶层/14层  ·  简装,石桥 元都新景公寓,单价28197元/m²,258
汇盛德堡公寓 简装出租房  户型正气 采光好 房东诚心出售,2室2厅1卫·89.07  平米  ·  南北  ·  中楼层/16层  ·  简装,九堡 汇盛德堡公寓,单价28292元/m²,252
普金家园 新上不沿高架不沿马路，两房朝南看房方便,3室2厅1卫·102.86  平米  ·  南  ·  高楼层/10层  ·  毛坯,拱宸桥 普金家园,单价35971元/m²,370
美林湾城市公寓 精装三房拎包入住 黄金楼层南北通透 采光好,2室2厅1卫·89.29  平米  ·  南  ·  中楼层/11层  ·  精装,申花 美林湾城市公寓,单价35838元/m²,320
绿城品质小区 纯毛坯大三房 户型正气 南北通透 一线江景房,3室2厅2卫·159.7  平米  ·  南北  ·  低楼层/22层  ·  毛坯,闻堰 绿城西子郁金香岸,单价24108元/m²,385
碧水豪园排屋 精装修 独立空间 交通便利,5室2厅3卫·205.17  平米  ·  南北  ·  顶层/3层  ·  精装,彩虹城 碧水豪园,单价43866元/m²,900
钱塘沁园 满2年，3房2卫全明户型，07小区，看房有钥匙的,3室2厅2卫·127.62  平米  ·  南北  ·  中楼层/15层  ·  简装,闸弄口 钱塘沁园,单价43488元/m²,555
伊萨卡国际城 龙湖物业 边套户型精装修 业主诚心,2室2厅1卫·89.69  平米  ·  南北  ·  高楼层/33层  ·  精装,沿江 伊萨卡国际城,单价27428元/m²,246
万家星城 2房朝南大面积东边套 采光好 厅带露台,3室2厅2卫·126.08  平米  ·  南  ·  中楼层/22层  ·  简装,东新 万家星城,单价44416元/m²,560
彩虹城四室，装修保养新，楼层高，视野好，业主都配合看房,4室2厅2卫·143.69  平米  ·  南北  ·  低楼层/28层  ·  精装,彩虹城 彩虹城,单价45932元/m²,660
稻香园南区 环境好，诚心出售，价格能谈，户型房子、运河边,3室1厅1卫·78.58  平米  ·  南  ·  底层/7层  ·  简装,湖墅 稻香园南区,单价41359元/m²,325
水印康庭好久没有出来的不沿马路的小两房，三开间朝南,2室2厅1卫·83.12  平米  ·  南  ·  高楼层/18层  ·  简装,三塘 水印康庭,单价39942元/m²,332
美院边，凤凰公园站旁，3房新上，山景现房，随时看房可谈,3室2厅2卫·88.91  平米  ·  南  ·  顶层/17层  ·  毛坯,转塘 之江诚品公寓,单价38241元/m²,340
学院华庭 次新房 知名开发商  8米阳台，明卫,4室2厅2卫·138.85  平米  ·  南北  ·  高楼层/30层  ·  毛坯,文教 学院华庭,单价64818元/m²,900
保利东湾 一线江景   相比同户型赠送面积多,2室2厅1卫·75.93  平米  ·  南  ·  低楼层/34层  ·  精装,江滨 保利东湾,单价28316元/m²,215
濮家新村 精装东边套 南北通透  楼层采光好 看房提前联系,2室1厅1卫·62.33  平米  ·  南北  ·  高楼层/7层  ·  精装,闸弄口 濮家新村,单价41713元/m²,260
西溪里二期 三房朝南简单装修满总价低视野很好看,3室2厅2卫·137.26  平米  ·  南北  ·  低楼层/15层  ·  简装,西溪 西溪里二期,单价45024元/m²,618
亿城雅苑 原房东自住装修，户型正气，置换一手，诚意出售此房。,2室2厅1卫·86.66  平米  ·  南北  ·  高楼层/11层  ·  精装,石桥 亿城雅苑,单价33464元/m²,290
机神精装好房 带大院子 全明户型 看房提前预约,2室1厅1卫·57.2  平米  ·  南北  ·  底层/6层  ·  精装,闸弄口 机神新村,单价41084元/m²,235
彩虹城 两房户型 南北通透 诚心出售看房提前联系,2室2厅1卫·91.13  平米  ·  南北  ·  低楼层/30层  ·  简装,彩虹城 彩虹城,单价48283元/m²,440
新挂牌 西湖银泰旁 南北两房 清爽装修  采光好靠近西湖,2室1厅1卫·60.37  平米  ·  南北  ·  低楼层/7层  ·  简装,鼓楼 后市街,单价46381元/m²,280
紫金小区 新出两房朝南 主卧带阳台 全明户型 中间楼层,2室1厅1卫·68.94  平米  ·  南北  ·  中楼层/7层  ·  简装,文三西路 紫金小区,单价41775元/m²,288
原筑壹号 5.6米LOFT 南北双阳台精装修 民用水电,1室2厅2卫·74.86  平米  ·  南北  ·  中楼层/16层  ·  简装,艮北新城 原筑壹号,单价14694元/m²,110
曙光新村 小套好房 拎包入住 楼层好 看房提前约,2室1厅1卫·51.49  平米  ·  南  ·  中楼层/7层  ·  简装,黄龙 曙光新村,单价81181元/m²,418
钱塘景苑 小高层得房率高，高楼层视野好，自住精装保养新。,2室2厅1卫·92.42  平米  ·  北  ·  高楼层/12层  ·  精装,彩虹城 钱塘景苑,单价42740元/m²,395
新城国际花园 纯毛坯 户型方正 满二 无户口 产权清晰,3室2厅2卫·161.09  平米  ·  南北  ·  中楼层/23层  ·  毛坯,钱江新城 新城国际花园,单价57111元/m²,920
盛庐小区 纯毛坯大三房没住过 南北通透 有车位 看房有钥匙,3室2厅2卫·133.77  平米  ·  南北  ·  中楼层/18层  ·  毛坯,彩虹城 盛庐小区,单价43208元/m²,578
白金海岸花园 新出带露台，三房朝南，全新精装70万，诚心卖,3室2厅2卫·155.83  平米  ·  南北  ·  低楼层/18层  ·  精装,长河 白金海岸花园,单价46525元/m²,725
花园洋房 50万精装修从未住过 房东诚心置换 喜欢速来！！,5室2厅2卫·131.41  平米  ·  南北  ·  低楼层/7层  ·  精装,五常 爱丁郡,单价29298元/m²,385
港湾家园，自住精装修东边套，全明通透，中上楼层视野开阔,3室2厅2卫·152.13  平米  ·  南北  ·  高楼层/19层  ·  精装,申花 港湾家园,单价47196元/m²,718
新金都 新小户型 房东置换 诚心出售 看房有钥匙,1室1厅0卫·44.99  平米  ·  北  ·  中楼层/4层  ·  毛坯,文一西路 新金都城市花园,单价60013元/m²,270
申花板块低价好房 房东诚心出售 港企开发 港企物业,4室2厅2卫·125.02  平米  ·  南  ·  低楼层/18层  ·  毛坯,申花 臻玺公寓,单价47832元/m²,598
云溪香山嘉苑 精装满五年电梯房西边套户型方正,3室2厅2卫·129.42  平米  ·  南北  ·  高楼层/12层  ·  精装,转塘 云溪香山嘉苑,单价33225元/m²,430
墩莳家园 新出大两房,2室1厅1卫·63.17  平米  ·  南  ·  高楼层/20层  ·  精装,三墩 墩莳家园,单价28495元/m²,180
精装修拎抱入住  2房朝南 1房朝北,3室2厅1卫·85.09  平米  ·  南北  ·  顶层/33层  ·  简装,奥体 龙湖春江彼岸,单价59937元/m²,510
曙光新村 边套采光好 3房格局 南北通透 房东诚心卖,3室1厅1卫·64.46  平米  ·  南北  ·  顶层/6层  ·  毛坯,黄龙 曙光新村,单价64381元/m²,415
长征新村 掌控武林商圈 全明户型 南北通透 采光好 得房率高,2室1厅1卫·48.5  平米  ·  南北  ·  顶层/6层  ·  简装,湖墅 长征新村,单价40206元/m²,195
江南实验，绿城物业，配套成熟，毛坯好房，有钥匙，滨和路站口,3室2厅2卫·134.84  平米  ·  南北  ·  中楼层/30层  ·  毛坯,滨江区政府 中央花城,单价50059元/m²,675
世纪嘉园 小户型 采光好 装修清爽 拎包入住 交通便利,3室2厅1卫·81.48  平米  ·  南北  ·  低楼层/6层  ·  简装,临平 世纪嘉园,单价21478元/m²,175
金域东方 多层花园电梯洋房  得房率高 赠送面积多,4室2厅2卫·120  平米  ·  西南  ·  中楼层/6层  ·  毛坯,义桥 金域东方园,单价21250元/m²,255
07年电梯房 三房两卫全明户型 中间楼层 不沿马路 价好谈,3室2厅2卫·129.98  平米  ·  南  ·  中楼层/15层  ·  简装,文三西路 嘉绿景苑,单价39237元/m²,510
三里亭苑一区 精装两房 可做三房户型 置换诚心出售,2室2厅1卫·76.31  平米  ·  南北  ·  顶层/7层  ·  精装,三里亭 三里亭苑一区,单价34072元/m²,260
青春都市公寓电梯房，交通便捷，三房朝南东边套，房东诚心卖,3室2厅2卫·134.03  平米  ·  南  ·  高楼层/11层  ·  毛坯,南肖埠 青春都市公寓,单价49989元/m²,670
新上房源 金色钱塘西边套 精装大三房 中间楼层 价可谈,3室2厅2卫·128.68  平米  ·  南  ·  中楼层/31层  ·  精装,北干 金色钱塘,单价33416元/m²,430
城东新城 尚城国际 送大露台 全明户型  繁华地段,2室2厅1卫·76.67  平米  ·  南  ·  低楼层/16层  ·  简装,笕桥 尚城国际,单价40433元/m²,310
 北景园清爽装修小两房 户型方正 房东诚心售卖,2室1厅1卫·60.07  平米  ·  南  ·  中楼层/5层  ·  简装,石桥 北景莲趣苑,单价33294元/m²,200
景上公寓 闹中取静 运河景观 小区绿化高 小河历史街区,2室2厅1卫·92.65  平米  ·  南  ·  低楼层/11层  ·  简装,和睦 景上公寓,单价46951元/m²,435
港湾家园，送车位！精装修西边套南北通透，位置好楼层不错,3室2厅2卫·145.15  平米  ·  南北  ·  中楼层/8层  ·  精装,申花 港湾家园,单价48570元/m²,705
水星阁 房龄新 两房朝南 南北通 东边套 看房方便,3室2厅1卫·125  平米  ·  南  ·  低楼层/25层  ·  简装,宝善 水星阁,单价38560元/m²,482
新上架好房，三房两卫，满两年，精装修60万，南北通透，诚售,3室2厅2卫·150  平米  ·  南  ·  高楼层/28层  ·  精装,滨江区政府 新州花苑,单价45333元/m²,680
乾成园 中间套户型 客厅朝南带阳台 楼层好 配套成熟 好房,2室2厅1卫·61.53  平米  ·  南  ·  中楼层/17层  ·  简装,三墩 乾成园,单价31692元/m²,195
钱江世纪城板块 五房两厅 毛坯房 看房随时 诚心出售,5室2厅2卫·171.21  平米  ·  南北  ·  低楼层/33层  ·  毛坯,钱江世纪城 江南丽锦,单价40009元/m²,685
蓝色霞湾 蓝色霞湾 正气户型 两房朝南 卖小本部,3室2厅2卫·124.85  平米  ·  南北  ·  中楼层/18层  ·  简装,德胜 蓝色霞湾,单价50861元/m²,635
大户型平层  三房朝南  落地窗 诚心诚售价格可谈,3室2厅2卫·153.66  平米  ·  南  ·  中楼层/11层  ·  精装,打铁关 光辉岁月,单价46011元/m²,707
温馨人家 精装徐4房东边套 业主诚心出售,3室2厅3卫·144.68  平米  ·  南北  ·  低楼层/18层  ·  毛坯,滨江区政府 温馨人家,单价39950元/m²,578
尚堂府 南北通透 价格实惠 户型方正 房东诚心,3室2厅2卫·134.41  平米  ·  南北  ·  低楼层/18层  ·  简装,拱宸桥 尚堂府,单价32364元/m²,435
永和坊 西边套 中间楼层 正气三房 诚心出售！！,3室2厅1卫·98.89  平米  ·  南  ·  中楼层/11层  ·  精装,拱宸桥 永和坊,单价35393元/m²,350
景园南苑 新出好房  南北通透  客厅朝南带阳台 看房方便,2室2厅1卫·89.71  平米  ·  南  ·  高楼层/15层  ·  毛坯,丁桥 丁桥景园南苑,单价25415元/m²,228
茂御居 此价格包含车位，风景如画，精益求精优选小区 配套齐全,1室1厅1卫·46.07  平米  ·  南  ·  中楼层/34层  ·  精装,彩虹城 茂御居,单价31474元/m²,145
南都花园新上经典户型  全明 通透 看房方便又钥匙,2室2厅1卫·76.21  平米  ·  南北  ·  高楼层/7层  ·  简装,文一西路 南都花园,单价45926元/m²,350
运河边  户型正气 房东诚心卖  价格实惠,2室2厅1卫·85.46  平米  ·  南  ·  中楼层/6层  ·  简装,塘河 信义坊,单价47976元/m²,410
带储藏室，有钥匙，随时看房，两房南,2室1厅1卫·55.36  平米  ·  南  ·  顶层/7层  ·  简装,翠苑 翠苑四区,单价40643元/m²,225
嘉利公寓 楼层好视野佳 精装修拎包入住,1室1厅1卫·45.93  平米  ·  南  ·  中楼层/8层  ·  简装,萧山经济开发区 嘉利公寓,单价25691元/m²,118
金都花园 户型正气 南北通透 标准三房 房东诚心,3室2厅1卫·95.06  平米  ·  南北  ·  高楼层/7层  ·  精装,文三西路 金都花园,单价36819元/m²,350
东山弄 楼层好 两房朝南 厨卫朝北 看房有钥匙 诚心卖,2室1厅1卫·60.14  平米  ·  南  ·  低楼层/5层  ·  简装,黄龙 外东山弄,单价63186元/m²,380
天城国际 闸弄口站旁 天城国际  衣之家 次新住宅,2室2厅1卫·86.28  平米  ·  南北  ·  低楼层/28层  ·  简装,闸弄口 天城国际,单价45202元/m²,390
德胜东村 朝南，清爽装修，两个房间一样大，阳光很好,2室1厅1卫·66.18  平米  ·  南  ·  高楼层/6层  ·  简装,德胜 德胜东村,单价36265元/m²,240
云锦城   三开间朝南 南北通风 小区新环境好满两年,3室2厅2卫·131.33  平米  ·  南  ·  顶层/15层  ·  毛坯,丁桥 云锦城,单价21929元/m²,288
满二，无户口，产权清晰，自住精装，南北通透的好房子,2室2厅2卫·119.39  平米  ·  南北  ·  底层/18层  ·  精装,钱江新城 新城国际花园,单价55281元/m²,660
户型正气，中间楼层，位置好，看房子随时！,2室1厅1卫·57.88  平米  ·  东西  ·  中楼层/7层  ·  精装,翠苑 翠苑四区,单价43020元/m²,249
户型方正 得房率高 环境优美 性价比高 诚心出售,3室2厅2卫·136.45  平米  ·  南  ·  顶层/11层  ·  精装,浦沿 贺田尚城,单价40308元/m²,550
东方郡东区中间楼层2房 客厅带阳台,2室2厅1卫·86.87  平米  ·  南  ·  中楼层/27层  ·  简装,滨江区政府 东方郡,单价52377元/m²,455
塘河北村 地段优越 北面是大悦城 两房朝南边套 好楼层采光足,2室1厅1卫·57.18  平米  ·  南  ·  高楼层/7层  ·  简装,塘河 塘河北村,单价35327元/m²,202
国信嘉园 东边套 三房朝南 南北通透 高新九年 满五税费少,3室2厅2卫·120.45  平米  ·  南北  ·  底层/5层  ·  毛坯,彩虹城 国信嘉园,单价46492元/m²,560
安吉路，大两房，中层，采光足，视野好，南北通，看房随时！,2室1厅1卫·62.04  平米  ·  东西  ·  中楼层/6层  ·  简装,武林 环城西路,单价58833元/m²,365
嘉绿景苑 两房朝南西边套 纯毛坯好房还送大露台 价可谈,2室2厅1卫·93.38  平米  ·  南  ·  低楼层/15层  ·  毛坯,文三西路 嘉绿景苑,单价38552元/m²,360
纯毛坯大三房 南北通透双阳台 房东诚卖，视野采光江景一流,3室2厅2卫·103.53  平米  ·  南北  ·  高楼层/34层  ·  毛坯,江滨 保利东湾,单价28011元/m²,290
里东山弄 全明三房 独享植物园天然氧吧！,3室1厅1卫·64.21  平米  ·  南  ·  高楼层/6层  ·  毛坯,黄龙 里东山弄,单价60738元/m²,390
近江四园  主卧朝南带阳台 南北通透 采光好 看房方便,1室1厅1卫·45.83  平米  ·  南  ·  高楼层/7层  ·  简装,近江 近江四园,单价54113元/m²,248
彩虹城 精装修，两房朝南带大阳台，楼层高采光好，空置随时可看,2室2厅1卫·96.72  平米  ·  南  ·  中楼层/22层  ·  精装,彩虹城 彩虹城,单价47560元/m²,460
海天城 三房两卫房东诚心出售  有钥匙随时看房,3室2厅2卫·138.95  平米  ·  东南  ·  高楼层/28层  ·  毛坯,沿江 海天城,单价25189元/m²,350
下城桦枫居 新出好房 自住精装 三开间朝南 全明好房诚售,2室2厅1卫·80.37  平米  ·  南  ·  低楼层/15层  ·  精装,石桥 嘉里桦枫居,单价32350元/m²,260
盛世嘉园 精装大三房 房东诚心卖！满两年精装修！,3室2厅2卫·119.41  平米  ·  南北  ·  中楼层/11层  ·  精装,五常 盛世嘉园,单价24705元/m²,295
鑫都汇总价低，楼层好，交通方便，物业好！,1室1厅1卫·49.14  平米  ·  东  ·  高楼层/20层  ·  毛坯,西兴 兴耀鑫都汇,单价25438元/m²,125
尚堂府 全明西边套 楼层好采光佳 看房方便,3室2厅2卫·134.41  平米  ·  南北  ·  高楼层/18层  ·  毛坯,拱宸桥 尚堂府,单价37200元/m²,500
视野开阔 环境优美   舒适   户型好,2室2厅1卫·88.98  平米  ·  南  ·  高楼层/33层  ·  毛坯,浦沿 观邸国际寓所,单价40459元/m²,360
金沙居 精装修公寓 保养好 清爽干净 楼层好采光好,1室1厅1卫·68.11  平米  ·  南  ·  中楼层/18层  ·  精装,沿江 金沙居,单价14682元/m²,100
采荷绿萍 婚房精装修 西边套 全天采光 成熟商圈,1室1厅1卫·40.09  平米  ·  南北  ·  高楼层/7层  ·  精装,南肖埠 采荷绿萍,单价43901元/m²,176
户型正气，楼层好，小区环境好，房东诚售，南北通透,3室2厅2卫·124.77  平米  ·  南北  ·  高楼层/15层  ·  精装,学军 中大文锦苑,单价78545元/m²,980
多立方公寓 精装大户型三房朝南双卫南北通透，杭师大东城实验旁,3室2厅2卫·136.5  平米  ·  南北  ·  低楼层/16层  ·  简装,九堡 多立方公寓,单价30769元/m²,420
"机会一次,朋友!不要让她再次错过!",2室2厅1卫·89.58  平米  ·  南北  ·  低楼层/14层  ·  简装,石桥 杨家春晓,单价29024元/m²,260
杭州东站尚城国际 品质小区 标准三房 业主诚售  三开间朝南,3室2厅2卫·88.57  平米  ·  南北  ·  中楼层/15层  ·  简装,笕桥 尚城国际,单价44033元/m²,390
之江公寓 全明户型，南北通透，自住精装保养的很好，,2室2厅1卫·154.22  平米  ·  南北  ·  低楼层/20层  ·  精装,彩虹城 之江公寓,单价35988元/m²,555
大美公寓 南北通透 南北通透 采光好 户型正气 诚售,3室2厅2卫·140.39  平米  ·  南北  ·  低楼层/17层  ·  毛坯,临平 大美公寓,单价29561元/m²,415
天阳云筑，三房户型，好房子,3室2厅2卫·88.19  平米  ·  南北  ·  低楼层/17层  ·  简装,转塘 天阳云筑,单价35832元/m²,316
登云阁 急卖运河广场旁商品房 全明西边套 运河景观房,3室2厅1卫·110.64  平米  ·  南北  ·  中楼层/17层  ·  简装,拱宸桥 登云阁,单价37961元/m²,420
泰地北上新出好房，精装修，拎包入住，可注册公司,3室1厅1卫·79.9  平米  ·  南  ·  中楼层/13层  ·  精装,石桥 北上新城,单价18148元/m²,145
桃花弄 屋内采光好，西湖保俶塔边，不占学籍，看房随时方便,2室1厅1卫·59.99  平米  ·  南北  ·  顶层/6层  ·  简装,省府 桃花弄,单价48008元/m²,288
泰地北上新城，精装三房，朝向好楼层好，看房方便，房东诚售,3室1厅1卫·79.34  平米  ·  南  ·  中楼层/13层  ·  精装,石桥 北上新城,单价18906元/m²,150
吉如家园，正气户型，南北通透，边套户型，满两年,3室2厅2卫·136.5  平米  ·  南北  ·  低楼层/24层  ·  毛坯,桥西 吉如家园,单价35897元/m²,490
玫瑰之湾 全明通透三室两厅两卫 两房朝南 楼层好 房东诚心卖,3室2厅1卫·89.58  平米  ·  南  ·  高楼层/34层  ·  毛坯,江滨 玫瑰之湾,单价26234元/m²,235
方方正正的户型，精装修双阳台，楼层好采光佳，诚售,3室2厅1卫·142.26  平米  ·  东西  ·  顶层/26层  ·  毛坯,长河 水印城,单价43582元/m²,620
太阳国际四室两厅两卫三房朝南次卧带阳台一房朝北客厅朝北,4室2厅2卫·167.63  平米  ·  南北  ·  中楼层/31层  ·  简装,彩虹城 太阳国际,单价43548元/m²,730
康乐新村 低单价大四房！楼层好全天采光无遮挡！房东诚心脱手,4室2厅1卫·116  平米  ·  南北  ·  高楼层/7层  ·  简装,文三西路 康乐新村,单价33448元/m²,388
保利东湾 视野开阔 一线江景 纯边套 稀缺户型,4室2厅3卫·209.57  平米  ·  南北  ·  高楼层/32层  ·  毛坯,江滨 保利东湾,单价20518元/m²,430
紫金小区 全明两房 看房方便有钥匙 南通通透 房东诚心卖,2室2厅1卫·63.14  平米  ·  南北  ·  中楼层/7层  ·  简装,文三西路 紫金小区,单价41178元/m²,260
江语海 边套小三房 一线江景 文海教育 看房方便 价格可谈,3室1厅1卫·82.93  平米  ·  南  ·  高楼层/33层  ·  毛坯,沿江 江语海,单价39551元/m²,328
2009年房龄，4.6米层高，LOFT户型上下2层，精装修,2室2厅1卫·53.18  平米  ·  南北  ·  顶层/6层  ·  精装,文教 沈塘新村,单价72396元/m²,385
一线江景房,3室2厅2卫·131.12  平米  ·  南  ·  高楼层/38层  ·  毛坯,江滨 观澜时代国际花园,单价25549元/m²,335
翠苑四区南园 性价比 两房朝南 闹中取静,2室1厅1卫·55  平米  ·  南北  ·  顶层/6层  ·  简装,翠苑 翠苑四区南园,单价43636元/m²,240
新星小区 精装两房 拎包入住 交通便利 配套齐全 有储藏室,2室2厅1卫·76.44  平米  ·  南  ·  低楼层/6层  ·  精装,三墩 新星小区,单价30874元/m²,236
银河嘉园 运河广场旁银河嘉园新出可做三房全明户型采光好不遮挡,2室2厅1卫·92.57  平米  ·  南北  ·  中楼层/6层  ·  简装,拱宸桥 银河嘉园,单价39970元/m²,370
自住精装修，南北通透，景观楼层，诚心出售！,2室1厅1卫·72.69  平米  ·  东西  ·  中楼层/11层  ·  精装,和睦 和睦院,单价34393元/m²,250
假山新村 大三房 户型正气，看房方便，中间楼层,3室2厅2卫·97.54  平米  ·  东西  ·  中楼层/7层  ·  简装,德胜 假山新村,单价39984元/m²,390
北城枫景园 小区低总价房东诚心出售,2室2厅1卫·62.92  平米  ·  南  ·  底层/16层  ·  简装,丁桥 北城枫景园,单价26224元/m²,165
求是村 新出大三房 中间楼层 户型正气 采光好,3室1厅1卫·67.95  平米  ·  南北  ·  低楼层/6层  ·  简装,黄龙 求是村,单价70640元/m²,480
钱塘雅苑 景观房 全明户型 南北通透 多房朝南,4室2厅2卫·181.32  平米  ·  南  ·  高楼层/23层  ·  精装,复兴 钱塘雅苑,单价39157元/m²,710
金雅苑 西边套全明格局 南北两房中等装修,2室2厅1卫·85.79  平米  ·  南  ·  高楼层/11层  ·  简装,九堡 金雅苑,单价28908元/m²,248
复兴东苑 带阁楼  近地铁 随时看,2室1厅1卫·64.78  平米  ·  南  ·  高楼层/7层  ·  毛坯,复兴 复兴东苑,单价42451元/m²,275
钱江湾花园 3室2厅2卫 南北通透 精装 带花园 可谈,3室2厅2卫·110.49  平米  ·  南北  ·  底层/11层  ·  简装,浦沿 钱江湾花园,单价38918元/m²,430
现代雅苑 户型正气，正气三房，房东置换！,2室2厅2卫·121.6  平米  ·  南北  ·  高楼层/22层  ·  简装,和平广场 现代雅苑,单价48849元/m²,594
西城纪 城西银泰附近 精装修 loft,3室1厅1卫·40.85  平米  ·  东  ·  底层/14层  ·  精装,申花 西城纪,单价29376元/m²,120
外东山弄 中间楼层 居家装修全明户型南北通透 靠近西湖植物园,2室2厅1卫·88.2  平米  ·  南  ·  高楼层/7层  ·  简装,黄龙 外东山弄,单价73696元/m²,650
昆仑天籁园 小区中庭，改善四居室，西边户，拎包入住,4室2厅2卫·122.4  平米  ·  南北  ·  中楼层/17层  ·  精装,丁桥 昆仑天籁园,单价33905元/m²,415
假山新村 主卧朝南，南北通透，户型正气，单价低，房东诚心出售,2室1厅1卫·64.68  平米  ·  南  ·  底层/7层  ·  毛坯,德胜 假山新村,单价36797元/m²,238
长兴公寓 主朝朝南 装修清爽 全明户型 格局好交通便利,2室1厅1卫·71.08  平米  ·  南  ·  中楼层/6层  ·  简装,三塘 长兴公寓,单价36156元/m²,257
田园公寓 两房朝南，楼层好，采光好，看房随时方便！,2室2厅1卫·68.54  平米  ·  南北  ·  中楼层/5层  ·  精装,半山田园 田园公寓,单价28888元/m²,198
天虹公寓 西湖区新上两房，户型方正，南北通透,2室2厅1卫·91.28  平米  ·  南  ·  中楼层/26层  ·  简装,申花 天虹公寓,单价31770元/m²,290
风景蝶院 新出三房全明户型南北通诚心出售,3室2厅2卫·125.33  平米  ·  南  ·  中楼层/25层  ·  精装,白马湖 风景蝶院,单价37501元/m²,470
元都新景公寓 精装修两房西边套好户型，正气通透，厅带阳台,2室2厅1卫·90.96  平米  ·  南北  ·  中楼层/15层  ·  精装,石桥 元都新景公寓,单价31882元/m²,290
勤丰小区 育才大三房，新房已看好，两个月内需卖掉。,3室1厅1卫·90.14  平米  ·  南  ·  顶层/7层  ·  简装,和睦 勤丰小区,单价35500元/m²,320
留下西苑 必卖好房，低总价小2房，楼层很好，无税置换随时可看,2室1厅1卫·69.63  平米  ·  南  ·  中楼层/7层  ·  简装,留下 留下西苑,单价33750元/m²,235
东方郡 新出刚需两房 户型正气格局棒 楼层视野采光佳,2室2厅1卫·88.89  平米  ·  南  ·  中楼层/32层  ·  简装,滨江区政府 东方郡,单价51749元/m²,460
长德公寓 两房朝南 全明户型 中间楼层 诚心卖,2室1厅1卫·69.79  平米  ·  南  ·  中楼层/8层  ·  简装,三塘 长德公寓,单价36538元/m²,255
钱塘山水湾 ， 三房两厅一卫，全明户型，一线江景,3室2厅1卫·88.9  平米  ·  东南  ·  中楼层/34层  ·  简装,浦沿 钱塘山水湾,单价46119元/m²,410
永庆坊 西边套 三房全明 楼层视野开阔 风景好 随时看房,3室1厅1卫·98.93  平米  ·  南  ·  高楼层/22层  ·  简装,拱宸桥 永庆坊,单价28303元/m²,280
胜利新村 西边套 精装修 全明户型 采光好 南北通透,1室1厅1卫·46.05  平米  ·  南  ·  顶层/5层  ·  精装,省府 胜利新村,单价64712元/m²,298
近江七园 天地实验 新出两房 电梯高层 诚意出售 可议价,2室1厅1卫·69.94  平米  ·  南北  ·  高楼层/11层  ·  简装,近江 近江七园,单价50758元/m²,355
万家花园 新上东边套 三开间朝南全明户型 精装修 看房随时,3室2厅2卫·128.93  平米  ·  南  ·  底层/6层  ·  简装,闸弄口 万家花园,单价40332元/m²,520
上河湾 两房两厅，全明户型，不沿马路,2室2厅1卫·75.85  平米  ·  南  ·  低楼层/17层  ·  精装,桥西 上河湾,单价48780元/m²,370
北景芳洲苑 精装两房南北通透，诚心出售方便拎包入住，,2室2厅1卫·94.81  平米  ·  南北  ·  低楼层/11层  ·  精装,石桥 北景芳洲苑,单价29005元/m²,275
学院华庭 新上好房 南北通透,3室2厅2卫·88.72  平米  ·  西  ·  底层/30层  ·  毛坯,文教 学院华庭,单价58048元/m²,515
马塍路13号 两房朝南一房朝北 南北通透全明，可以改出个小厅,2室1厅1卫·71.39  平米  ·  南北  ·  顶层/5层  ·  简装,文教 马塍路13号,单价65836元/m²,470
美政花苑 环境优美价格便宜,2室2厅1卫·76.49  平米  ·  南  ·  高楼层/7层  ·  精装,复兴 美政花苑,单价43797元/m²,335
木庵小区  稀缺一房 全明户型 户型好 采光好,1室1厅1卫·37.41  平米  ·  南  ·  中楼层/7层  ·  简装,宝善 木庵小区,单价48115元/m²,180
钱江湾花园 毛坯价 送露台 这里圆你的设计梦 满五年税低,4室2厅2卫·143.77  平米  ·  南北  ·  顶层/16层  ·  精装,浦沿 钱江湾花园,单价48689元/m²,700
和家园 必卖好房小2房，开发商精装，低总价，业主诚售有钥匙。,2室1厅1卫·78.47  平米  ·  南北  ·  低楼层/30层  ·  精装,留下 和家园,单价39506元/m²,310
融科瑷骊山 大平层loft 清爽毛坯 可做七室 随时看房,7室2厅4卫·335  平米  ·  南北  ·  顶层/4层  ·  毛坯,转塘 融科瑷骊山,单价25373元/m²,850
万科品质 精装交付 小高层得房率高,3室2厅1卫·86  平米  ·  南北  ·  顶层/18层  ·  精装,半山田园 水榭塘湾,单价33488元/m²,288
永安坊 东边套 南北通透 自住精装 采光优异 诚心卖,2室1厅1卫·59.52  平米  ·  南  ·  中楼层/6层  ·  简装,拱宸桥 永安坊,单价36122元/m²,215
兴耀鑫都汇 地段好，价格可谈，带车位，装修好！,2室2厅1卫·41.33  平米  ·  北  ·  中楼层/20层  ·  精装,西兴 兴耀鑫都汇,单价38713元/m²,160
北景荷风苑 全明户型 主卧带阳台 私密性强 可以随时看房,2室2厅1卫·91.99  平米  ·  南北  ·  低楼层/11层  ·  简装,石桥 北景荷风苑,单价27720元/m²,255
泊林春天 精装修3房拎包入住 多房朝南 楼层好 小区环境优美,3室2厅2卫·89.85  平米  ·  南  ·  高楼层/33层  ·  精装,钱江世纪城 泊林春天,单价31163元/m²,280
上东名筑 两房朝南，户型正气，可改三房，中间楼层，诚售。,2室2厅1卫·79.32  平米  ·  南  ·  中楼层/16层  ·  简装,丁桥 上东名筑,单价29627元/m²,235
东方郡  江南实验，户型正气，房东诚心出售，价格可谈,2室2厅1卫·88.78  平米  ·  南  ·  中楼层/33层  ·  简装,滨江区政府 东方郡,单价57445元/m²,510
九洲芳园 九洲芳园 南北通透 可做三房 房东诚售,2室2厅1卫·86.44  平米  ·  南北  ·  中楼层/18层  ·  简装,九堡 九洲芳园,单价34706元/m²,300
世茂江滨花园 精装40万 拎包即住 全线江景 随时可看,4室2厅3卫·187.12  平米  ·  南北  ·  中楼层/33层  ·  精装,江滨 世茂江滨花园,单价24476元/m²,458
左岸花园河景房：直面运河，三房朝南，精装修，有车库！,3室2厅2卫·119.94  平米  ·  南北  ·  高楼层/11层  ·  精装,拱宸桥 左岸花园,单价35018元/m²,420
南北通透 采光好 拎包入住,2室2厅1卫·84  平米  ·  南北  ·  低楼层/16层  ·  精装,丁桥 上东名筑,单价29762元/m²,250
金雅苑 大两房朝南 精装18万没住过人 钥匙由维护人保管,2室2厅1卫·80.04  平米  ·  南  ·  高楼层/18层  ·  精装,九堡 金雅苑,单价34108元/m²,273
通策广场 高性价比大三房 近宝龙 三开间朝南 繁华商圈,3室2厅2卫·136.11  平米  ·  南北  ·  高楼层/11层  ·  简装,彩虹城 通策广场,单价43347元/m²,590
上东领地 两房朝南 自住精装拎包入住,2室2厅1卫·78.15  平米  ·  南  ·  低楼层/16层  ·  精装,丁桥 上东领地,单价30966元/m²,242
田园公寓 交通便利 配套全 房东急卖,2室2厅1卫·63.38  平米  ·  南北  ·  顶层/6层  ·  简装,半山田园 田园公寓,单价26822元/m²,170
金色钱塘 新上房源 自住精装三房 好楼层 看房联系,3室2厅1卫·112.68  平米  ·  南  ·  高楼层/31层  ·  精装,北干 金色钱塘,单价32393元/m²,365
晴彩巴厘 小户型 采光好 装修清爽 拎包入住 交通便利,1室1厅1卫·45.38  平米  ·  北  ·  中楼层/18层  ·  精装,临平 晴彩巴厘,单价22036元/m²,100
三塘北村 三塘看了这么多套 原来你在这里等着!!!,2室1厅1卫·54.48  平米  ·  南北  ·  中楼层/8层  ·  简装,三塘 三塘北村,单价37628元/m²,205
盛世嘉园  大户型，精装四十万，低于市场价30万，诚心出售,4室2厅2卫·138.4  平米  ·  南北  ·  高楼层/6层  ·  精装,五常 盛世嘉园,单价22760元/m²,315
春江时代花园 一线江景，闻涛好教育，核心滨江，低密度社区,3室2厅2卫·154.01  平米  ·  南北  ·  高楼层/33层  ·  毛坯,长河 春江时代花园,单价49997元/m²,770
晓宸府 纯东边套，采光好，楼层佳，房东诚心出售。,4室2厅2卫·127.31  平米  ·  南  ·  高楼层/22层  ·  简装,万达广场 晓宸府,单价42416元/m²,540
水景城 鼎苑毛坯三房 南北通透 采光好 户型方正,3室2厅2卫·134.63  平米  ·  南北  ·  低楼层/25层  ·  毛坯,临平 水景城,单价24512元/m²,330
景芳二区 景芳小套 装修清爽 总价低 价格可谈 看房有钥匙,1室0厅1卫·33.69  平米  ·  南北  ·  顶层/7层  ·  简装,景芳 景芳二区,单价38587元/m²,130
大和里 二房朝南 户型正气 清爽装修 4楼 长寿桥 春蕾,2室2厅1卫·69.35  平米  ·  南  ·  中楼层/7层  ·  简装,众安桥 大和里,单价57102元/m²,396
原筑壹号 5.6米LOFT可变两房 南北双阳台民用水电,1室1厅1卫·74.86  平米  ·  南  ·  低楼层/16层  ·  简装,艮北新城 原筑壹号,单价13358元/m²,100
九月庭院 大三房，全明户型 纯毛坯。,3室2厅2卫·125.98  平米  ·  南北  ·  高楼层/18层  ·  毛坯,九堡 九月庭院,单价29211元/m²,368
伊萨卡国际城 新出大四房 四开间朝南 厨卫朝北 纯毛坯,4室2厅2卫·138.61  平米  ·  南北  ·  中楼层/11层  ·  毛坯,沿江 伊萨卡国际城,单价25251元/m²,350
东茂苑 房子一梯二户，濮家教育集团 ，看房方便有钥匙,3室2厅1卫·95.28  平米  ·  南北  ·  高楼层/7层  ·  简装,闸弄口 东茂苑,单价39882元/m²,380
嘉绿景苑 边套 三房 全明户型南北通 中间楼层 景观房 诚售,3室2厅1卫·119.7  平米  ·  南北  ·  高楼层/15层  ·  简装,文三西路 嘉绿景苑,单价40518元/m²,485
广宇品质 东边套 3房2卫 双阳台 楼层好,3室2厅2卫·110.44  平米  ·  南北  ·  中楼层/16层  ·  毛坯,丁桥 上东臻品,单价32869元/m²,363
候潮公寓 南北通透 户型正气 价格实惠 业主诚心出售 采光好,2室1厅1卫·55.37  平米  ·  南  ·  顶层/7层  ·  简装,雄镇楼 候潮公寓,单价39010元/m²,216
篁外山庄  新上好房 价格便宜 采光好 需要的快,2室1厅1卫·75.51  平米  ·  南北  ·  底层/17层  ·  毛坯,转塘 篁外山庄,单价43041元/m²,325
户型方正，采光充足，南北通透,4室2厅2卫·134.2  平米  ·  南北  ·  低楼层/31层  ·  简装,江滨 保利东湾,单价26080元/m²,350
天目山路24号 地段好环境优雅周边配套设施齐全,3室1厅1卫·70.48  平米  ·  东南  ·  中楼层/5层  ·  精装,省府 天目山路24号,单价55760元/m²,393
双荡新村 改善大三房诚心出售,3室1厅1卫·90.04  平米  ·  南北  ·  低楼层/6层  ·  简装,湖墅 双荡新村,单价36650元/m²,330
悦麒美寓 二线江景，大三房，全明边套，纯毛坯未住人，送储藏室,3室2厅2卫·130.58  平米  ·  南北  ·  低楼层/24层  ·  毛坯,九堡 悦麒美寓,单价40588元/m²,530
锦绣新村  要装电梯的 两房朝南 商品房 户型方正 中间楼层,2室2厅1卫·88.13  平米  ·  南北  ·  中楼层/7层  ·  简装,湖墅 锦绣新村,单价43118元/m²,380
海天城大四房，南北通透 多房朝南 随时看房,3室2厅2卫·152.68  平米  ·  南北  ·  低楼层/25层  ·  简装,沿江 海天城,单价24889元/m²,380
水岸枫庭 三卧朝南西边套！高层一线江景的。户型不错。有钥匙,4室2厅3卫·174.31  平米  ·  南  ·  高楼层/26层  ·  精装,南星 水岸枫庭,单价65974元/m²,1150
彩虹城大三房，价格低，单价低，有钥匙随时看,3室2厅2卫·129.47  平米  ·  西南  ·  低楼层/24层  ·  精装,彩虹城 彩虹城,单价40164元/m²,520
海棠公寓 在家可以看到东城实验操场 正对小区泳池景观一览无余,3室2厅2卫·129.55  平米  ·  南北  ·  高楼层/11层  ·  简装,九堡 海棠公寓,单价35508元/m²,460
南北通透，拎包入住，采光好,2室2厅1卫·80.76  平米  ·  南  ·  低楼层/16层  ·  简装,丁桥 上东领地,单价30708元/m²,248
海威国际公寓 精装三房 南北通透 闻涛名校 双地铁 价可谈,3室2厅2卫·133.65  平米  ·  南北  ·  高楼层/33层  ·  精装,长河 海威国际公寓,单价49383元/m²,660
风尚蓝湾 好楼层 拎包入住 总价低,1室1厅1卫·63.12  平米  ·  东南  ·  顶层/29层  ·  精装,浦沿 风尚蓝湾,单价21388元/m²,135
彩虹城 房东诚心 看房方便 装修清爽 一室一厅 带阳台,1室1厅1卫·69  平米  ·  西南  ·  低楼层/30层  ·  简装,彩虹城 彩虹城,单价46377元/m²,320
汇盛德堡公寓 稀缺小面积，适合刚需的您！,1室1厅1卫·45.65  平米  ·  南北  ·  中楼层/16层  ·  简装,九堡 汇盛德堡公寓,单价33297元/m²,152
庆丰新村 新出好房 临近西湖 靠近植物园 附赠半包围大院子,2室1厅1卫·54.67  平米  ·  南北  ·  底层/5层  ·  简装,黄龙 庆丰新村,单价50851元/m²,278
错层户型，两房两厅一卫，南北通透可改三房，西湖区，读文一街。,2室2厅1卫·102.64  平米  ·  南北  ·  底层/6层  ·  简装,三墩 新世纪花苑,单价26598元/m²,273
观邸国际寓所 可看江景，房东诚售，可随心设计，居住舒怡,3室1厅1卫·109  平米  ·  南  ·  中楼层/33层  ·  简装,浦沿 观邸国际寓所,单价41284元/m²,450
浙一浙二边上 小两房 南北通透,2室1厅1卫·46.02  平米  ·  南  ·  底层/7层  ·  简装,清泰 皮市巷,单价43459元/m²,200
彩虹城东边套，采光好可见江景，户型可变，无空间浪费面积,3室2厅2卫·143.8  平米  ·  南北  ·  中楼层/26层  ·  精装,彩虹城 彩虹城,单价45897元/m²,660
永安坊 经典一室户型 南北通透 位置安静 出行方便,1室1厅1卫·42.28  平米  ·  南  ·  中楼层/6层  ·  简装,拱宸桥 永安坊,单价36660元/m²,155
泰和苑 南北户型 格局好,2室1厅1卫·48  平米  ·  南北  ·  底层/7层  ·  简装,潮鸣 泰和苑,单价37292元/m²,179
天城府 东站旁 城东新城 开发商精装修 全明楼层好东边套,3室2厅2卫·87.96  平米  ·  南北  ·  低楼层/16层  ·  精装,笕桥 天城府,单价42065元/m²,370
御景蓝湾新出E户型 南北通透 看房方便 房东诚售,3室2厅2卫·88.81  平米  ·  南北  ·  中楼层/27层  ·  毛坯,义桥 御景蓝湾,单价25335元/m²,225
拱墅运河之星 户型方正 房东自住 精装三房 安静舒适,3室2厅2卫·89.33  平米  ·  南  ·  底层/11层  ·  精装,万达广场 运河之星,单价31904元/m²,285
精装修 一线江景公寓 和空姐做邻居 拎包入住,1室1厅1卫·54.53  平米  ·  南  ·  高楼层/21层  ·  精装,江滨 金隅金座,单价20172元/m²,110
南润名座 精装两房 房东诚心出售 格局好,2室1厅1卫·70.77  平米  ·  南北  ·  高楼层/20层  ·  精装,南部卧城 南润名座,单价17663元/m²,125
天都城天月苑 赠送大露台 3房朝南  精装修  拎包入住,4室2厅2卫·158.26  平米  ·  南北  ·  顶层/5层  ·  简装,星桥 天都城天月苑,单价16745元/m²,265
朗诗国际街区东园 双阳台，精装修，一线江景,2室1厅1卫·81.17  平米  ·  南北  ·  高楼层/33层  ·  精装,沿江 朗诗国际街区东园,单价27104元/m²,220
东田玉城 南北通透户型 精装修三房,3室2厅1卫·88.16  平米  ·  南  ·  中楼层/11层  ·  简装,良渚 东田玉城,单价25522元/m²,225
新华路 户型正气得房率高  看房方便有钥匙,2室1厅1卫·69.75  平米  ·  东西  ·  高楼层/7层  ·  精装,长庆 新华路,单价38710元/m²,270
格林格林 西边套 2房朝南 客厅带阳台 小区环境好 带车位,4室2厅2卫·110.75  平米  ·  南  ·  中楼层/17层  ·  毛坯,丁桥 格林格林,单价27991元/m²,310
江南丽锦 钱江世纪城 飞虹路站 配套齐全 户型好,3室2厅2卫·103.22  平米  ·  南北  ·  中楼层/33层  ·  毛坯,钱江世纪城 江南丽锦,单价45049元/m²,465
南北通透四房，高区东边套，诚意出售，看房方便,4室2厅2卫·129.02  平米  ·  南北  ·  高楼层/28层  ·  毛坯,萧山经济开发区 新城澜颂奥府,单价36428元/m²,470
三里家园二区好房出售，成熟小区全明户型南北通透采光好,2室2厅1卫·77.88  平米  ·  南北  ·  顶层/17层  ·  简装,三里亭 三里家园二区,单价35696元/m²,278
御景蓝湾毛胚两房，房东诚售，看房方便,1室1厅1卫·75.13  平米  ·  东  ·  顶层/4层  ·  毛坯,义桥 御景蓝湾,单价12645元/m²,95
艮山府全明户形南北通透多房朝南，房东因要用钱出售此房，有钥匙,4室2厅3卫·211  平米  ·  南北  ·  低楼层/23层  ·  毛坯,景芳 御品湾,单价35545元/m²,750
泰地北上新城 水电民用 开发商精装 三开间朝南 拎包入住,3室1厅1卫·79.09  平米  ·  南  ·  中楼层/13层  ·  精装,石桥 北上新城,单价20230元/m²,160
东方君悦 新出3房，可看江景，钱江新城夜景,3室2厅2卫·182.4  平米  ·  南  ·  中楼层/34层  ·  精装,钱江新城 东方君悦,单价43860元/m²,800
远洋香奈 品质小区 全明户型南北通透 业主诚心出售,3室2厅2卫·89.47  平米  ·  南  ·  低楼层/16层  ·  毛坯,丁桥 远洋香奈,单价31854元/m²,285
世纪嘉园 近DT 周边配套齐全 看房方便,2室2厅1卫·70.68  平米  ·  南北  ·  中楼层/6层  ·  简装,临平 世纪嘉园,单价24759元/m²,175
省规划院宿舍 东边套，户型正气，地段好，环境好！诚心卖！,3室2厅2卫·101.72  平米  ·  南北  ·  中楼层/7层  ·  简装,文三西路 省规划院宿舍,单价38341元/m²,390
岸上蓝山 小面积 精装修 南北通透 户型方正 楼层好,2室2厅1卫·88.54  平米  ·  南  ·  底层/6层  ·  简装,闲林 岸上蓝山,单价24622元/m²,218
钱江世纪城 世纪之光 万科精装大4房 送双车位 诚心价格可谈,4室2厅2卫·126  平米  ·  南北  ·  底层/17层  ·  精装,萧山经济开发区 钱江之光名城,单价41667元/m²,525
南肖埠北景西苑，滨江房产，精装拎包入住，架空楼层,3室2厅1卫·92.66  平米  ·  南  ·  低楼层/7层  ·  精装,南肖埠 北景西苑,单价42089元/m²,390
南北通透 全明户型 采光十足 看房方便 学籍未用,2室1厅1卫·71.99  平米  ·  南北  ·  顶层/7层  ·  简装,南星 凤凰南苑,单价45562元/m²,328
竹海水韵 多层两房 房东降价诚心价 随时看房,2室2厅1卫·82.16  平米  ·  南北  ·  高楼层/6层  ·  精装,闲林 竹海水韵,单价24951元/m²,205
泊林春天 毛坯好房 诚心出售,3室2厅2卫·89  平米  ·  南北  ·  低楼层/33层  ·  毛坯,钱江世纪城 泊林春天,单价31461元/m²,280
卖鱼桥本部 新村出优质房源！！两房朝南全明户型 得房率超高,2室2厅1卫·78.37  平米  ·  南北  ·  中楼层/7层  ·  精装,湖墅 双荡新村,单价35728元/m²,280
大关东三苑 点式房 东边套  两房两厅正气 看房方便,2室1厅1卫·76.75  平米  ·  东南  ·  中楼层/7层  ·  简装,大关 大关东三苑,单价32573元/m²,250
广宇东承府 一室一厅 小户型住宅 过渡居家 看房方便,1室1厅1卫·50.31  平米  ·  南  ·  中楼层/17层  ·  毛坯,丁桥 广宇东承府,单价33790元/m²,170
《优选房源》：标准小套+有独立客厅+房东诚心出售的,1室1厅1卫·44.04  平米  ·  南  ·  底层/7层  ·  简装,复兴 复兴南苑,单价42234元/m²,186
美都雅苑纯东边套次顶楼 自住装修 看房方便 有钥匙,2室2厅1卫·89.51  平米  ·  南北  ·  高楼层/16层  ·  简装,丁桥 后珠美都雅苑,单价25137元/m²,225
保小，楼层好，全明户型。看房方便，采光好。,2室1厅1卫·51.1  平米  ·  南北  ·  中楼层/5层  ·  简装,省府 金祝新村,单价64579元/m²,330
次新小区，满2年好房出售,3室2厅2卫·89.49  平米  ·  南  ·  顶层/23层  ·  精装,勾庄 蔚蓝郡,单价29054元/m²,260
泊林春天 南北通透 环境优美 看房方便,3室2厅2卫·88.97  平米  ·  南北  ·  低楼层/32层  ·  毛坯,钱江世纪城 泊林春天,单价29223元/m²,260
太阳国际两室两厅一卫，两房朝南次卧带阳台，客厅朝北，全落地窗,2室2厅1卫·85.34  平米  ·  南北  ·  低楼层/33层  ·  精装,彩虹城 太阳国际,单价50387元/m²,430
边套户型 四面带床 区政府对面 地段好,1室1厅1卫·86  平米  ·  北  ·  中楼层/30层  ·  精装,滨江区政府 江南星座,单价20349元/m²,175
西湖新城 西边套 景观房 采光好 无遮挡！,3室2厅1卫·130.31  平米  ·  南  ·  中楼层/16层  ·  简装,朝晖 西湖新城,单价43665元/m²,569
钛合国际，西湖文化广场武林广场边，品质公寓，随时看房,1室1厅1卫·40.75  平米  ·  西  ·  高楼层/18层  ·  精装,打铁关 钛合国际,单价24294元/m²,99
闲林山水 精装大三房 南北通透 采光好 诚心出售,3室2厅2卫·124.29  平米  ·  南  ·  中楼层/5层  ·  精装,闲林 闲林山水,单价24137元/m²,300
08年精装修酒店式公寓，地段好，拎包入住,1室0厅1卫·45  平米  ·  北  ·  高楼层/24层  ·  精装,天水 华润西子中心,单价30000元/m²,135
府苑新村 中间楼层，自住装修 户型南北通透 读书方便,2室2厅1卫·93.59  平米  ·  南北  ·  中楼层/6层  ·  简装,文三西路 府苑新村,单价46693元/m²,437
清爽装修 边套 精致小两房 诚心卖 价格可谈,2室1厅1卫·57.9  平米  ·  南北  ·  低楼层/18层  ·  简装,金沙湖 金沙家园,单价36269元/m²,210
两房朝南，难得的小套，得房率高，看房方便，有钥匙,2室1厅1卫·42.53  平米  ·  南  ·  高楼层/7层  ·  简装,湖墅 稻香园南区,单价47026元/m²,200
浙一浙二附近 南北通透  机不可失失不再来,2室1厅1卫·52.46  平米  ·  南北  ·  高楼层/7层  ·  简装,清泰 大王庙巷,单价42890元/m²,225
永兴坊一室一厅，总价低，配套齐全，出行方便，房东城心卖,1室1厅1卫·47.82  平米  ·  南北  ·  高楼层/21层  ·  精装,拱宸桥 永兴坊,单价32622元/m²,156
莫干新村，新出房源，南北通透，全明东边套，装修清爽，沿河景观,2室1厅1卫·48.42  平米  ·  南  ·  中楼层/5层  ·  精装,湖墅 莫干新村,单价45436元/m²,220
西湖区 两房朝南 主卧带阳台 南北通透 楼层好 位置佳,2室2厅1卫·76.7  平米  ·  南北  ·  中楼层/6层  ·  精装,三墩 润达花苑,单价33898元/m²,260
联系所属人：三楼，清爽两房，配套齐全，一手房免费接送,2室1厅1卫·47.9  平米  ·  南北  ·  中楼层/6层  ·  简装,复兴 复兴南苑,单价43841元/m²,210
南北两房，总价低，装修清爽.,2室1厅1卫·50.61  平米  ·  南北  ·  底层/6层  ·  简装,清泰 上八界巷,单价42482元/m²,215
星河明苑，交通方便，诚心出售，价格可谈，靠河边，急卖！,1室1厅1卫·42.86  平米  ·  西北  ·  低楼层/17层  ·  精装,湖墅 星河明苑,单价51330元/m²,220
昆仑橡树园 方正两房 朝南带阳台 配套成熟,2室2厅1卫·85.02  平米  ·  南  ·  高楼层/17层  ·  简装,申花 橡树园,单价46460元/m²,395
求智弄 学军文二新村对面 精装一室一厅 装修很好 采光也不错,1室1厅1卫·42.94  平米  ·  南北  ·  高楼层/7层  ·  精装,学军 求智弄,单价110619元/m²,475
华家池 三房格局 装修清爽 看房方便 小区环境优美！！,3室1厅1卫·62.33  平米  ·  南北  ·  高楼层/6层  ·  简装,南肖埠 华家池,单价43318元/m²,270
宋都阳光国际花园 全明户型 多房朝南 可看江 房东诚心出售,2室2厅1卫·87.16  平米  ·  南北  ·  低楼层/24层  ·  精装,九堡 宋都阳光国际花园,单价32698元/m²,285
新明半岛 轻轨口带大花园，南北通透户型，大阳台看房方便,2室2厅1卫·87.58  平米  ·  南北  ·  底层/11层  ·  精装,闲林 新明半岛,单价26262元/m²,230
和睦新村 房东自住精装修 边套户型 一南一北 总价低,2室1厅1卫·46.9  平米  ·  南北  ·  底层/6层  ·  精装,和睦 和睦新村,单价40512元/m²,190
华府花园 小区中间位置稀缺跃层一本证 近花园楼层中间,6室3厅3卫·265.26  平米  ·  南北  ·  中楼层/16层  ·  简装,雄镇楼 华府花园,单价49009元/m²,1300
流水西苑【可看运河的好房子/精装修/经典两房格局】房东诚心卖,2室1厅1卫·55.78  平米  ·  南  ·  中楼层/7层  ·  精装,打铁关 流水西苑,单价45715元/m²,255
元都新苑 小区中间位置 景观楼层 房东诚心卖！,3室2厅1卫·88.27  平米  ·  南北  ·  低楼层/13层  ·  毛坯,石桥 元都新苑,单价30588元/m²,270
府苑新村 有独立储藏室 读书方便 出行便捷，周边生活配套完善,2室2厅1卫·93.91  平米  ·  南北  ·  低楼层/6层  ·  简装,文三西路 府苑新村,单价55372元/m²,520
贾家弄新村 全明南北向。满五年免税。看房方便诚心出售。,2室1厅1卫·49.09  平米  ·  南  ·  低楼层/6层  ·  精装,塘河 贾家弄新村,单价36667元/m²,180
古荡新村西区 小户型 中间层 业主诚售 看房随时,1室1厅1卫·35.44  平米  ·  南  ·  高楼层/6层  ·  简装,古荡 古荡新村西区,单价40914元/m²,145
严衙弄  25万精装修 中间楼层  采光好 拎包入住,2室2厅1卫·74.79  平米  ·  南  ·  中楼层/7层  ·  精装,清泰 严衙弄,单价46798元/m²,350
华丰新村 一楼带院子 房东诚心卖 景观好 随时看房 小区中间,2室1厅1卫·56.61  平米  ·  南  ·  底层/6层  ·  简装,和睦 华丰新村,单价37096元/m²,210
云锦城 ，双阳台，客厅带阳台。,3室2厅1卫·88.64  平米  ·  南北  ·  低楼层/27层  ·  毛坯,丁桥 云锦城,单价24707元/m²,219
新出御景蓝湾，房东诚心，随时看房,3室2厅2卫·101  平米  ·  南北  ·  高楼层/26层  ·  毛坯,义桥 御景蓝湾,单价27723元/m²,280
古墩路，轨道交通旁，蓝郡华庭小区，次新房，价格实惠,3室2厅1卫·89.1  平米  ·  南  ·  低楼层/16层  ·  毛坯,三墩 蓝郡华庭,单价36476元/m²,325
绿城物业，环境优美，两房朝南，精装修。,2室2厅1卫·87.46  平米  ·  南北  ·  高楼层/17层  ·  简装,火车东站 玉兰公寓,单价40590元/m²,355
新华路 二室二厅一卫 业主诚心出售,2室2厅1卫·75.79  平米  ·  南  ·  顶层/7层  ·  简装,长庆 新华路,单价39319元/m²,298
和睦新村 随时看房 南北户型 全明采光 生活阳台方便宜居,2室1厅1卫·52.99  平米  ·  南  ·  中楼层/6层  ·  简装,和睦 和睦新村,单价40008元/m²,212
科技新出，两房朝南，厨卫朝北，一楼架空，带露台，南北通透,2室2厅1卫·73.73  平米  ·  南北  ·  低楼层/7层  ·  简装,文二西路 科技新村,单价41367元/m²,305
都市阳光和苑 配套成熟，精装两房，客厅带阳台,2室2厅1卫·62  平米  ·  南北  ·  中楼层/28层  ·  简装,三墩 都市阳光和苑,单价29839元/m²,185
纯西边套，采光好，看房方便，房东诚心,2室1厅1卫·62.78  平米  ·  南北  ·  高楼层/26层  ·  毛坯,三墩 墩莳家园,单价29468元/m²,185
新城红郡 品质小区  万科物业 诚心出售,2室2厅1卫·76.38  平米  ·  南  ·  低楼层/13层  ·  精装,丁桥 红郡御庄,单价27494元/m²,210
德信浙旅东宸 ，品质小区，绿化好，配套成熟。,4室2厅2卫·125.82  平米  ·  南北  ·  低楼层/11层  ·  毛坯,笕桥 德信浙旅东宸,单价47051元/m²,592
经典的一室一厅 简单装修 重新装修不麻烦！,1室1厅1卫·33  平米  ·  南  ·  顶层/7层  ·  简装,湖墅 锦绣新村,单价39091元/m²,129
彩虹城 户型南北通两室，随时看房，随时交房,2室2厅1卫·116.62  平米  ·  南北  ·  低楼层/9层  ·  精装,彩虹城 彩虹城,单价44418元/m²,518
濮家新上 南北通透好房子 装修清爽 业主诚卖,2室1厅1卫·58.87  平米  ·  南北  ·  中楼层/6层  ·  简装,闸弄口 濮家新村,单价41787元/m²,246
景观房  精装修  带电梯  总价低,2室1厅1卫·71.27  平米  ·  南  ·  顶层/7层  ·  精装,萧山经济开发区 霞飞郡,单价18240元/m²,130
水印康庭 酒店式公寓 看房方便 出行方便 周边配套好,1室2厅1卫·72.3  平米  ·  北  ·  顶层/5层  ·  简装,三塘 水印康庭,单价20055元/m²,145
金都夏宫 品质小区 景观房 三房两卫 户型正 看房方便,3室2厅2卫·89.29  平米  ·  南北  ·  中楼层/40层  ·  毛坯,临平 金都夏宫,单价20719元/m²,185
全明户型  南北通透  多房朝南,2室2厅1卫·61.81  平米  ·  南  ·  低楼层/17层  ·  毛坯,丁桥 久睦苑,单价25886元/m²,160
风雅钱塘 大三房 南北通透 采光无影响 前后不临马路安静,3室2厅2卫·164.66  平米  ·  南  ·  高楼层/26层  ·  毛坯,滨江区政府 风雅钱塘世纪花园,单价46763元/m²,770
晓庐 复式四房 长阳台 景观好 可看江景！,4室2厅3卫·147.87  平米  ·  南北  ·  高楼层/33层  ·  毛坯,钱江新城 晓庐,单价64246元/m²,950
风雅钱塘 大三房 南北通透 采光无影响 前后不临马路安静,3室2厅2卫·164.66  平米  ·  南  ·  中楼层/26层  ·  毛坯,滨江区政府 风雅钱塘世纪花园,单价45427元/m²,748
万科公园里新上房源  大三房户型端正 有钥匙随时看哦,3室2厅1卫·88.36  平米  ·  南北  ·  低楼层/18层  ·  精装,半山田园 水榭塘湾,单价32820元/m²,290
伊萨卡国际城 浩泽园一幢新出大户型 南北通透江景一览无余,3室2厅2卫·130.79  平米  ·  南北  ·  低楼层/34层  ·  毛坯,沿江 伊萨卡国际城,单价25231元/m²,330
楼层好 地段好,2室1厅1卫·48  平米  ·  南  ·  中楼层/7层  ·  毛坯,潮鸣 泰和苑,单价42708元/m²,205
茂御居 跃层急卖精装公寓 房东降价诚售 一线江景,2室2厅1卫·64.28  平米  ·  北  ·  低楼层/33层  ·  精装,彩虹城 茂御居,单价23958元/m²,154
三里新城兰苑  全明户型 清爽装修 送储藏室 得房率高,2室2厅1卫·65.19  平米  ·  南  ·  低楼层/6层  ·  简装,三里亭 三里新城兰苑,单价42951元/m²,280
天城国际、衣之家楼上 闸弄口站旁 次新住宅 出租自住皆宜,3室1厅1卫·87.73  平米  ·  南北  ·  中楼层/28层  ·  精装,闸弄口 天城国际,单价52206元/m²,458
保小 武林花园 年代新 南北通透  楼层好 两房朝南,3室2厅1卫·100.36  平米  ·  南北  ·  高楼层/7层  ·  简装,省府 武林花园,单价56297元/m²,565
昆仑华府 毛坯三房 景观房诚心出售 有钥匙,3室2厅2卫·89  平米  ·  南  ·  低楼层/18层  ·  毛坯,良渚 昆仑玉府,单价26404元/m²,235
浣纱路：西湖边  1楼带院子 户型好南北通透 诚心卖,2室1厅1卫·54.66  平米  ·  南北  ·  底层/7层  ·  简装,湖滨 浣纱路,单价62203元/m²,340
胜利本部，两房朝南，采光足，户型正气，交通便利,2室1厅1卫·54.64  平米  ·  南  ·  中楼层/8层  ·  简装,近江 文华苑,单价57650元/m²,315
"青春坊 ,出行方便 采光好 好楼层",2室1厅1卫·46.23  平米  ·  南  ·  高楼层/7层  ·  精装,长庆 青春坊,单价46074元/m²,213
三里新城橘苑 大面积，跃层好房，带露台阳光房。户型好。,4室2厅2卫·125.34  平米  ·  南北  ·  顶层/6层  ·  简装,三里亭 三里新城橘苑,单价35503元/m²,445
万家花园 东边套大跃层，送两露台，送储藏室，全明大5房,5室2厅2卫·149.59  平米  ·  南  ·  顶层/6层  ·  简装,闸弄口 万家花园,单价36099元/m²,540
新华路  标准一房一厅  精装修拎包入住看房方便有钥匙,1室0厅1卫·25.42  平米  ·  南  ·  中楼层/7层  ·  简装,长庆 新华路,单价49174元/m²,125
华宇家园 清爽小户型3房，两房朝南，采光好，周边设施齐全,3室2厅1卫·85.49  平米  ·  南北  ·  中楼层/6层  ·  简装,临平 华宇家园,单价18716元/m²,160
世茂广场 房子很好出行很方便交通很便利拎包入住,2室2厅1卫·101.26  平米  ·  南北  ·  中楼层/28层  ·  精装,江滨 世茂广场,单价15406元/m²,156
翠苑一区，全明二房，一房南一房北，生活、交通便利！,2室1厅1卫·47.87  平米  ·  南北  ·  低楼层/7层  ·  简装,翠苑 翠苑一区,单价49300元/m²,236
联合纯正三房边套户型采光好,3室2厅1卫·87.75  平米  ·  南北  ·  中楼层/16层  ·  毛坯,丁桥 联合格里,单价31339元/m²,275
马塍路19号 文三街小套总价低 周边配套齐全 有个小院子的,1室1厅1卫·37.42  平米  ·  南北  ·  底层/5层  ·  精装,文教 马塍路19号,单价84180元/m²,315
信鸿花园，中间楼层，清爽装修，拎包入住，交通便利,2室2厅1卫·86.03  平米  ·  南北  ·  低楼层/6层  ·  简装,三墩 信鸿花园,单价29641元/m²,255
海天城 三房高品质 精装修,3室2厅2卫·134.77  平米  ·  南北  ·  低楼层/29层  ·  精装,沿江 海天城,单价28196元/m²,380
文三街，全明户型，不占学籍，采光无遮挡,2室1厅1卫·60.03  平米  ·  南北  ·  顶层/5层  ·  简装,文教 马塍路13号,单价71631元/m²,430
汇隆风林公寓三室两厅两卫 紧贴艮山东路近九堡站 出行方便,3室2厅2卫·107.78  平米  ·  南  ·  中楼层/6层  ·  简装,九堡 风林公寓,单价26907元/m²,290
新出房源 豪华装修 卖鱼桥，业主诚心出售,2室2厅1卫·64.65  平米  ·  南北  ·  底层/7层  ·  精装,德胜 假山新村,单价40217元/m²,260
"元都新苑 沿河精品好房,三阳台,南北通透，房东诚心出售！",2室2厅1卫·88.05  平米  ·  南北  ·  中楼层/14层  ·  毛坯,石桥 元都新苑,单价30892元/m²,272
亲亲家园三期 精装两房两厅 中高层朝南 通风采光好,2室2厅1卫·89.21  平米  ·  南  ·  高楼层/7层  ·  简装,三墩 亲亲家园三期,单价32508元/m²,290
楼层好 户型好 西边套  看房方便,3室2厅1卫·87.4  平米  ·  南北  ·  中楼层/24层  ·  简装,申花 西城美墅,单价57208元/m²,500
长兴公寓 主卧朝南 南北通透 采光好 空气流畅 沿河景观房,2室1厅1卫·58.55  平米  ·  南  ·  顶层/7层  ·  简装,三塘 长兴公寓,单价34159元/m²,200
溪畔新上、正气三房 南北通透 业主诚心出让 看房有钥匙,3室1厅1卫·85.78  平米  ·  南北  ·  中楼层/5层  ·  简装,文教 溪畔花园,单价57123元/m²,490
新挂次小区，绿城物业，三房户型，楼层采光好,3室2厅1卫·80.88  平米  ·  南  ·  低楼层/18层  ·  毛坯,白马湖 白马湖壹号,单价32765元/m²,265
浅水湾城市花园，东边套，经典小错层，三房朝南，一梯两户,4室2厅2卫·163.44  平米  ·  南北  ·  高楼层/16层  ·  精装,湖墅 浅水湾城市花园,单价55005元/m²,899
翠苑三区年代新的房子，户型好，南北通透。,3室1厅1卫·75.42  平米  ·  南北  ·  高楼层/7层  ·  简装,翠苑 翠苑三区,单价43092元/m²,325
萍实公寓 纯毛坯空置 纯边套送15平米入户花园 户型正气,3室2厅2卫·89.68  平米  ·  南  ·  中楼层/18层  ·  毛坯,申花 萍实公寓,单价60214元/m²,540
钱江华府 次新房 三房  全明  德信品质,3室2厅2卫·89  平米  ·  南北  ·  中楼层/18层  ·  毛坯,景芳 钱江华府,单价50562元/m²,450
宋都阳光国际大盘 沿江舒适住宅地 西边套 景观及佳,2室2厅1卫·86.96  平米  ·  南北  ·  顶层/24层  ·  毛坯,九堡 宋都阳光国际花园,单价35649元/m²,310
浙工大旁，标准大3房，总价楼层，空间利用率高。,3室1厅1卫·73.4  平米  ·  南  ·  中楼层/7层  ·  简装,德胜 东新关,单价36512元/m²,268
胭脂新村 中间楼层 武林广场旁 小两房 总价低,2室1厅1卫·50.13  平米  ·  南北  ·  中楼层/7层  ·  简装,天水 胭脂新村,单价48873元/m²,245
马市街  户型正气  看中还可面议,2室1厅1卫·45.55  平米  ·  西  ·  中楼层/7层  ·  简装,清泰 马市街,单价40615元/m²,185
三里新城荷苑东边套 豪华精装修 大两房两厅 看房随时方便,2室2厅1卫·88.47  平米  ·  南  ·  底层/24层  ·  精装,三里亭 三里新城荷苑,单价36736元/m²,325
邮电新村 文三街本部，清爽装修南北通透，采光佳无学籍占用,2室1厅1卫·50.57  平米  ·  南北  ·  顶层/6层  ·  简装,文教 邮电新村,单价72177元/m²,365
东方福邸 新出好房源 看房方便视野好,3室2厅1卫·89.17  平米  ·  南  ·  高楼层/24层  ·  精装,申花 东方福邸,单价57194元/m²,510
西城年华公寓 小户型 精装两房 位置安静 视野好,3室2厅1卫·98.53  平米  ·  南  ·  低楼层/25层  ·  精装,申花 西城年华公寓,单价53791元/m²,530
水漾人家 三房户型 安静不吵闹  户型方正 房东诚心出售,3室2厅1卫·126.79  平米  ·  南北  ·  底层/6层  ·  精装,临平 水漾人家,单价19166元/m²,243
永兴坊 两房朝南 房东自住精装修 采光优异 诚售,2室2厅1卫·78.72  平米  ·  南  ·  高楼层/21层  ·  精装,拱宸桥 永兴坊,单价30869元/m²,243
江南摩卡 精装两房 户型方正，楼层好，江景房,2室2厅1卫·94.29  平米  ·  南  ·  高楼层/28层  ·  精装,闻堰 江南摩卡,单价29696元/m²,280
蓝天公寓 装修清爽2大居室 生活配套成熟 生活便捷,2室2厅1卫·83  平米  ·  南北  ·  底层/7层  ·  简装,闸弄口 蓝天公寓,单价34337元/m²,285
江南之星 房东诚心出售 钥匙放在我们门店 价格可谈,3室2厅2卫·88.84  平米  ·  南  ·  低楼层/34层  ·  毛坯,萧山经济开发区 江南之星,单价38271元/m²,340
三里新城桂苑 精致三房东边套，全明户型房东诚售，价格可谈,3室1厅1卫·76.66  平米  ·  南北  ·  高楼层/7层  ·  简装,三里亭 三里新城桂苑,单价41091元/m²,315
马塍路11号 闹中取静的小区，小区户型方正，楼层高，采光好,4室1厅1卫·93.25  平米  ·  南  ·  顶层/6层  ·  简装,文教 马塍路11号,单价60054元/m²,560
丁桥家苑 跃层带阁楼 自住装修家具家电齐全 大户型实用面积多,5室3厅3卫·145.6  平米  ·  南北  ·  顶层/6层  ·  精装,丁桥 丁桥家苑,单价21978元/m²,320
东都公寓 精装大2房 户型方正 楼层好 视野好,2室2厅1卫·48.31  平米  ·  南  ·  顶层/7层  ·  精装,九堡 东都公寓,单价37259元/m²,180
都市阳光华苑 山峰实景 户型方正 采光好 装修清爽,2室2厅1卫·61.34  平米  ·  南  ·  高楼层/28层  ·  精装,三墩 都市阳光华苑,单价30160元/m²,185
江南之星 顶楼 房东诚心出售 有证 随时可以签 车位另算,3室2厅2卫·88.89  平米  ·  南  ·  顶层/34层  ·  毛坯,萧山经济开发区 江南之星,单价38250元/m²,340
运河郡精装loft 两房两厅朝东视野好 采光好 看房有钥匙,2室2厅1卫·63.59  平米  ·  东  ·  高楼层/21层  ·  精装,拱宸桥 新明商业中心,单价37585元/m²,239
世茂广场 精装小公寓，月供2000多住自己的房子,1室2厅1卫·67.05  平米  ·  南  ·  低楼层/28层  ·  精装,江滨 世茂广场,单价18643元/m²,125
沁雅花园 电梯房 采光非常好 视野开阔 诚心出售 看房方便,4室2厅2卫·127.92  平米  ·  南北  ·  顶层/20层  ·  简装,文三西路 沁雅花园,单价35960元/m²,460
紫西花语城 四房两卫 户型好  送车位 诚心卖 看房方便,4室2厅2卫·116.71  平米  ·  南北  ·  高楼层/0层  ·  毛坯,三墩 紫西花语城,单价38129元/m²,445
顺达花苑 三房两厅两卫，看房方便，房东诚心出售,3室2厅2卫·120.84  平米  ·  南  ·  中楼层/16层  ·  毛坯,临平 顺达花苑,单价18206元/m²,220
紫西花语城 三开间朝南 3室2厅2卫 客厅带阳台 采光好,3室2厅2卫·89.67  平米  ·  南  ·  高楼层/0层  ·  毛坯,三墩 紫西花语城,单价39032元/m²,350
华鼎君临天下 ，地铁站边，自带公园,3室2厅2卫·137.9  平米  ·  南北  ·  低楼层/17层  ·  毛坯,临平 华鼎君临天下,单价24293元/m²,335
杰立大厦 地铁口 办公自住 轩敞设计 户型好 实用高效,1室0厅1卫·46.88  平米  ·  西北  ·  低楼层/20层  ·  精装,闸弄口 杰立大厦,单价25597元/m²,120
杰立大厦  精装户型  享受阳光的沐浴  深度的品质追求,1室0厅1卫·46.88  平米  ·  西北  ·  低楼层/20层  ·  精装,闸弄口 杰立大厦,单价25597元/m²,120
紫西花语城 客厅带阳台 全明户型 房东诚心,3室2厅2卫·89.67  平米  ·  南  ·  高楼层/0层  ·  毛坯,三墩 紫西花语城,单价34571元/m²,310
紫西花语城 西湖区纯边套三房两卫 得房率高 看房随时,3室2厅1卫·89.38  平米  ·  南  ·  高楼层/0层  ·  毛坯,三墩 紫西花语城,单价36921元/m²,330
天成嘉苑 小区中间位置，诚心置换，价格可议,2室2厅1卫·98.37  平米  ·  南北  ·  中楼层/18层  ·  简装,闸弄口 天成嘉苑,单价41273元/m²,406
未来城二期 万科品质潜力区块,4室2厅2卫·132.79  平米  ·  南北  ·  低楼层/34层  ·  精装,良渚 未来城二期,单价31629元/m²,420
景翠公寓 户型南北通透，中上楼层采光充足，看房有钥匙,2室2厅1卫·78.27  平米  ·  南  ·  高楼层/11层  ·  毛坯,石桥 景翠公寓,单价30024元/m²,235
长岛之春 新上房东自住精装修，满五，南北通透，房东诚心出售,3室2厅2卫·115.89  平米  ·  南北  ·  高楼层/6层  ·  精装,浦沿 长岛之春,单价30201元/m²,350
玖珑山 楼层好采光好，中装3房，户型方正,3室2厅2卫·129.48  平米  ·  南北  ·  高楼层/11层  ·  毛坯,转塘 玖珑山,单价29348元/m²,380
望江家园东园 婺江站 望江立交 出行便利 生活配套设施齐全,2室2厅1卫·94.04  平米  ·  南  ·  中楼层/12层  ·  简装,近江 望江家园东园,单价46789元/m²,440
郡上蓝湾 标准3房 双阳台 中间楼层 采光好 诚心出售,3室2厅2卫·87.23  平米  ·  南  ·  中楼层/17层  ·  毛坯,丁桥 郡上蓝湾,单价28087元/m²,245
东方尚城南区 次新房精装交付 大阳台 楼层佳 采光好,3室2厅2卫·88.8  平米  ·  南  ·  中楼层/16层  ·  精装,笕桥 东方尚城南区,单价45045元/m²,400
新城香悦奥府 中间楼层 多房朝南 纯毛坯 可塑性高,3室2厅2卫·86.11  平米  ·  南  ·  中楼层/27层  ·  毛坯,萧山经济开发区 新城澜颂奥府,单价38323元/m²,330
中兴和园 交通出行小区南门公交站台，南门向东200门时代大道,3室2厅2卫·136.68  平米  ·  南北  ·  中楼层/18层  ·  简装,白马湖 中兴和园,单价32192元/m²,440
沁雅花园 ，中间楼层，不沿马路，阳光充足，总价低,2室2厅1卫·70.21  平米  ·  南北  ·  中楼层/6层  ·  精装,文三西路 沁雅花园,单价44865元/m²,315
东方星城 ，滨江品质，纯毛坯，大四房，全新小区，满两年，,4室2厅2卫·126.72  平米  ·  南  ·  低楼层/17层  ·  毛坯,笕桥 东方星城,单价39852元/m²,505
江南之星 滨江物业 一园三泳池 3房2卫 中上楼层 采光好,3室2厅2卫·88.92  平米  ·  南  ·  高楼层/34层  ·  毛坯,萧山经济开发区 江南之星,单价40486元/m²,360
溪畔花园 西边套 正气两房 赠院子 南北通透,2室1厅1卫·52.3  平米  ·  南北  ·  底层/5层  ·  简装,文教 溪畔花园,单价64627元/m²,338
云锦城  ，三室两厅两卫，南北通透，看房有钥匙,3室2厅2卫·88.22  平米  ·  南  ·  高楼层/23层  ·  毛坯,丁桥 云锦城,单价26298元/m²,232
世纪新城 户型正气 视野开阔,3室2厅1卫·118.66  平米  ·  南  ·  高楼层/18层  ·  毛坯,文二西路 世纪新城,单价48879元/m²,580
浅草名苑 精装修，品质好，主卧带阳台。,3室2厅2卫·125.65  平米  ·  南  ·  中楼层/13层  ·  精装,笕桥 浅草名苑,单价32630元/m²,410
白金海岸花园 有山有水风水好。经典大三房，可改四房，一步到位,3室2厅2卫·149.86  平米  ·  南北  ·  低楼层/19层  ·  精装,长河 白金海岸花园,单价45709元/m²,685
紫金庭园 三房朝南 电梯中间层 户型正 面积合适 诚心卖,3室2厅2卫·113.88  平米  ·  南北  ·  中楼层/9层  ·  简装,文三西路 紫金庭园,单价43906元/m²,500
世茂广场 单身公寓 好房出售 交通方便 周边生活设施完善 ！,2室2厅1卫·100.8  平米  ·  西南  ·  低楼层/28层  ·  简装,江滨 世茂广场,单价14385元/m²,145
东方福邸 开发商精装 小户型 低总价 诚心出售,1室2厅1卫·64.71  平米  ·  南  ·  顶层/26层  ·  精装,申花 东方福邸,单价46361元/m²,300
景芳新五区 楼层好阳光房，南北通透，小区环境好诚售,1室1厅1卫·36.86  平米  ·  南  ·  高楼层/7层  ·  毛坯,景芳 景芳新五区,单价43407元/m²,160
冠宇隽园 新出好房 自住装修 拎包入住,2室2厅1卫·81.72  平米  ·  南北  ·  高楼层/16层  ·  简装,丁桥 冠宇隽园,单价33040元/m²,270
江南摩卡 东边套采光好 得房率高,3室2厅2卫·123.71  平米  ·  南  ·  低楼层/6层  ·  毛坯,闻堰 江南摩卡,单价30555元/m²,378
水湘苑 多房朝南 大三房 总价低 首付低的好房,3室3厅2卫·128.45  平米  ·  南北  ·  顶层/6层  ·  精装,景芳 水湘苑,单价38147元/m²,490
近江六园 南北通透 户型正气 居住舒适 全明两房,2室1厅1卫·52.82  平米  ·  南  ·  低楼层/7层  ·  简装,近江 近江六园,单价52064元/m²,275
景芳新五区 一南一北带储存室，户型方正，南北通透采光好,2室1厅1卫·63.31  平米  ·  南  ·  中楼层/7层  ·  简装,景芳 景芳新五区,单价40278元/m²,255
三里新城荷苑 西边套 三房户型 南北通透 客厅大飘窗,3室2厅1卫·88.19  平米  ·  南  ·  中楼层/24层  ·  简装,三里亭 三里新城荷苑,单价46491元/m²,410
定海西园 正对公园，小三房户型，总价低！,2室2厅1卫·72.2  平米  ·  东南  ·  低楼层/6层  ·  简装,拱宸桥 定海西园,单价38781元/m²,280
钱塘山水湾 江景房 自住精装 正气三房 刚需 保养好 杭二,3室2厅1卫·88.9  平米  ·  东南  ·  低楼层/34层  ·  精装,浦沿 钱塘山水湾,单价46119元/m²,410
锦绣江南 高品质小区环境好，人车分流！,4室2厅2卫·184.14  平米  ·  南北  ·  高楼层/31层  ·  毛坯,长河 锦绣江南,单价40730元/m²,750
金都夏宫 全明户型，新装修，一次未住，诚心出售,3室2厅2卫·89  平米  ·  南北  ·  高楼层/40层  ·  毛坯,临平 金都夏宫,单价24719元/m²,220
三里新城桂苑 正规三房 采光好 得房率高 房东诚心卖,3室2厅1卫·87.12  平米  ·  南  ·  低楼层/6层  ·  精装,三里亭 三里新城桂苑,单价40174元/m²,350
荣华里 拱宸桥 两房朝南  户型正气 装修清爽 看房随时,2室1厅1卫·66.57  平米  ·  南  ·  中楼层/5层  ·  简装,拱宸桥 荣华里,单价33799元/m²,225
盛世嘉园 大三房 精装修  房子户型正气 房东诚心出售,3室2厅2卫·135.07  平米  ·  南  ·  低楼层/6层  ·  精装,五常 盛世嘉园,单价22063元/m²,298
钱塘帝景 新出一线江景 东边套 近宝龙  有车位,2室2厅1卫·89.41  平米  ·  南北  ·  中楼层/45层  ·  毛坯,彩虹城 钱塘帝景,单价57600元/m²,515
中兴花园百合苑 楼层好 采光佳小 三开间朝南满五年诚心卖,2室2厅1卫·99.01  平米  ·  南  ·  中楼层/24层  ·  简装,滨江区政府 中兴花园百合苑,单价45450元/m²,450
酒店式公寓，精装修全送，楼层好，随时可看房。,1室1厅1卫·42.71  平米  ·  南  ·  高楼层/9层  ·  精装,转塘 云溪印象,单价19902元/m²,85
古荡新村西区 中间层 两房朝南 全明户型,1室2厅1卫·48.63  平米  ·  南北  ·  中楼层/6层  ·  简装,古荡 古荡新村西区,单价41127元/m²,200
名城燕园 新出 豪华装修 大三房南北双阳台，随时看房,3室2厅1卫·87.37  平米  ·  南北  ·  中楼层/18层  ·  精装,桥西 名城燕园,单价52077元/m²,455
新推房源 风林公寓 大三房户型 南北通透 大阳台 大客厅,3室2厅2卫·137.47  平米  ·  南北  ·  中楼层/16层  ·  毛坯,九堡 风林公寓,单价29097元/m²,400
海棠公寓 九堡科技园绿城海棠公寓新出好房 房东诚心出售,4室2厅2卫·153.17  平米  ·  南北  ·  高楼层/16层  ·  简装,九堡 海棠公寓,单价35908元/m²,550
岸上蓝山温馨家庭住房  户型正气 楼层楼层好,2室2厅1卫·88.04  平米  ·  南北  ·  高楼层/6层  ·  精装,闲林 岸上蓝山,单价27033元/m²,238
都市枫林 户型正 清爽装修 拎包入住 楼层好采光视野佳,3室2厅1卫·107.19  平米  ·  南北  ·  中楼层/11层  ·  精装,石桥 都市枫林,单价30600元/m²,328
金色钱塘 刚需三房低总价 楼层采光好 业主诚售,3室2厅1卫·108.24  平米  ·  南北  ·  低楼层/20层  ·  精装,北干 金色钱塘,单价33721元/m²,365
金田花园 经典两房户型 有钥匙 随时看房 诚心卖 拎包入住,2室2厅1卫·80.27  平米  ·  南北  ·  高楼层/7层  ·  精装,文二西路 金田花园,单价38620元/m²,310
精装修 大三房 户型方正 南北通透 位置好 新小区,3室2厅2卫·141.81  平米  ·  南北  ·  低楼层/29层  ·  精装,临平 桂花星城,单价24681元/m²,350
求是村 西边套 房龄新 视野好 居住舒适 房东诚心出售,2室2厅1卫·77.31  平米  ·  南北  ·  顶层/7层  ·  简装,黄龙 求是村,单价68555元/m²,530
香滨湾花园 两房朝南 客厅朝北 南北通透 交通便捷 配套齐全,2室2厅1卫·89.52  平米  ·  南  ·  低楼层/15层  ·  简装,九堡 香滨湾花园,单价29937元/m²,268
水景城 新上好房 纯毛坯 满五年 看房有钥匙 诚售,3室2厅2卫·153.68  平米  ·  南北  ·  低楼层/18层  ·  毛坯,临平 水景城,单价27980元/m²,430
京惠花园 一楼有架空 南北通透,2室1厅1卫·63.84  平米  ·  南北  ·  底层/7层  ·  简装,闸弄口 京惠花园,单价38377元/m²,245
宋都阳光国际花园 ，两房南北通，格局方正,2室2厅1卫·84.95  平米  ·  南北  ·  中楼层/24层  ·  毛坯,九堡 宋都阳光国际花园,单价35315元/m²,300
天阳观筑 南北通透，中间楼层，主卧朝南带阳台,3室2厅1卫·89.09  平米  ·  南北  ·  低楼层/16层  ·  简装,丁桥 天阳观筑,单价33674元/m²,300
银色港湾 开发商精装单身公寓 可拎包入住 通煤气管道 诚心卖,1室1厅1卫·47.75  平米  ·  北  ·  中楼层/16层  ·  精装,彩虹城 银色港湾,单价27225元/m²,130
美政花苑 一梯两户，两房朝南，户型正气，南北通透，视线好,3室1厅1卫·72.05  平米  ·  南  ·  顶层/7层  ·  简装,复兴 美政花苑,单价41638元/m²,300
南岸花城 自住精装修经典小户型，南北通透，景区房,1室0厅1卫·39.82  平米  ·  南  ·  顶层/4层  ·  精装,闻堰 南岸花城,单价26369元/m²,105
临平桂花城北区 次新小区 绿城品质 户型正气通透 纯毛坯,3室2厅2卫·143.63  平米  ·  南北  ·  低楼层/17层  ·  毛坯,临平 临平桂花城北区,单价23672元/m²,340
三塘汶苑 位置好 楼层好 位置好,2室2厅1卫·59.74  平米  ·  南  ·  高楼层/7层  ·  精装,三塘 三塘汶苑,单价38500元/m²,230
普金家园 三房东边套 中间楼层 房东诚心卖,3室2厅2卫·132.5  平米  ·  南  ·  高楼层/17层  ·  精装,拱宸桥 普金家园,单价37736元/m²,500
金成嘉南公寓 新出好房 不沿马路 不占学籍 价格可议 诚心卖,2室2厅1卫·88.65  平米  ·  南北  ·  底层/6层  ·  简装,文一西路 金成嘉南公寓,单价58658元/m²,520
运河人家 南北通透，紧凑户型，没有浪费面积！,3室1厅1卫·67.31  平米  ·  南北  ·  底层/6层  ·  简装,拱宸桥 运河人家,单价34170元/m²,230
朝晖新城 景观房 全明户型  户型正气 视野好,1室2厅1卫·64.38  平米  ·  南  ·  高楼层/22层  ·  简装,朝晖 朝晖新城,单价33395元/m²,215
嘉里桦枫居 正气三房 保护好 看房方便,3室2厅1卫·88.36  平米  ·  南  ·  高楼层/16层  ·  精装,石桥 嘉里桦枫居,单价34518元/m²,305
大学路新村 精装修 两房朝南 户型正气 厨卫全明,2室1厅1卫·60.44  平米  ·  南北  ·  高楼层/7层  ·  精装,潮鸣 大学路新村,单价39378元/m²,238
全明西边套，上塘河景观好房！视野开阔！,3室2厅2卫·131.97  平米  ·  南北  ·  高楼层/32层  ·  精装,打铁关 九龙仓君玺,单价74411元/m²,982
盛世嘉园 朝南小户型 开发商精装交付 满二 随时看,1室1厅1卫·44.13  平米  ·  南  ·  低楼层/18层  ·  精装,五常 盛世嘉园,单价26286元/m²,116
南肖埠庆和苑，滨江房产，南北通透，采光好，三房朝南。,3室2厅1卫·98.09  平米  ·  南北  ·  低楼层/6层  ·  简装,南肖埠 庆和苑,单价50974元/m²,500
之江诚品公寓 凤凰公园站在建 牵手闻裕顺 对接文山街 诚售,3室2厅2卫·88.91  平米  ·  南北  ·  低楼层/17层  ·  精装,转塘 之江诚品公寓,单价47239元/m²,420
白马公寓 小户型 低总价 武林码头 满五年 业主诚售,3室2厅2卫·156.39  平米  ·  南北  ·  高楼层/21层  ·  精装,湖墅 白马公寓,单价63815元/m²,998
景芳三区，精装，已破墙开店，南北通透，小区位置好,2室0厅1卫·46.83  平米  ·  南北  ·  底层/7层  ·  简装,景芳 景芳三区,单价49114元/m²,230
昆仑公馆 精装修 三室两厅 采光好 拎包入住,3室2厅2卫·173.61  平米  ·  南北  ·  中楼层/33层  ·  精装,德胜 昆仑公馆,单价55296元/m²,960
都市水乡水映苑 全明户型，客厅带阳台，南北通透，看房有钥匙,2室2厅1卫·97  平米  ·  南北  ·  中楼层/11层  ·  简装,三墩 都市水乡,单价28866元/m²,280
新明半岛 新上中间楼层满五年没有营业税价格可谈,3室2厅2卫·130.37  平米  ·  南北  ·  中楼层/11层  ·  简装,闲林 新明半岛,单价22091元/m²,288
两室一厅，一南一北 南北通透 业主诚售,2室1厅1卫·45.78  平米  ·  南北  ·  中楼层/7层  ·  精装,湖墅 锦绣新村,单价46964元/m²,215
九里 带200方地下室 小区好位置 诚售 周边配套齐全,3室2厅2卫·186.36  平米  ·  南北  ·  底层/16层  ·  毛坯,之江 之江九里,单价41318元/m²,770
稻香园南区 全明西边套，房东自己置换大房子，装修清爽，随时看,3室2厅1卫·109.4  平米  ·  西北  ·  中楼层/18层  ·  精装,湖墅 稻香园南区,单价36563元/m²,400
南都花园 新出小三房 双阳台 得房率高,2室2厅1卫·76.5  平米  ·  南北  ·  高楼层/7层  ·  简装,文一西路 南都花园,单价45752元/m²,350
昆仑公馆 精装修 三室两厅 采光好 拎包入住,3室2厅2卫·85.89  平米  ·  南北  ·  中楼层/33层  ·  精装,德胜 昆仑公馆,单价111771元/m²,960
机神沿河 优质景观 中间楼层 两房朝南 得房率高 出行便利,2室1厅1卫·48.36  平米  ·  南  ·  中楼层/7层  ·  简装,闸弄口 机神新村,单价41356元/m²,200
贺田二期精装大四房 多房朝南 西边套 得房率高 全明户型,4室2厅2卫·166.76  平米  ·  南北  ·  中楼层/5层  ·  精装,浦沿 贺田尚城,单价41077元/m²,685
南岸晶都，精装大三房，楼层好，南北通透，置换诚售，位置好！,4室2厅2卫·172.09  平米  ·  南北  ·  低楼层/15层  ·  精装,长河 南岸晶都,单价34865元/m²,600
大型成熟社区 毛坯三居 中间楼层 采光好 格局通透宽阔,3室2厅2卫·137.21  平米  ·  东南  ·  中楼层/6层  ·  毛坯,闲林 闲林山水,单价21864元/m²,300
钱塘景苑 三房两卫 满五年 楼层好 采光视野无遮挡 送车位,3室2厅2卫·133.9  平米  ·  南  ·  中楼层/5层  ·  精装,彩虹城 钱塘景苑,单价41075元/m²,550
老浙大横路 南北双阳台 得房率高 实用面积大,1室2厅1卫·43.36  平米  ·  南  ·  中楼层/6层  ·  简装,潮鸣 老浙大横路,单价44972元/m²,195
戈雅公寓 新上房源 三房中间楼房 光线无摭挡 可看江景,3室2厅2卫·123.12  平米  ·  南  ·  低楼层/32层  ·  简装,闻堰 戈雅公寓,单价30864元/m²,380
御田清庭 客厅朝南 带阳台,2室2厅1卫·86.33  平米  ·  南  ·  中楼层/7层  ·  毛坯,半山田园 御田清庭,单价32665元/m²,282
世茂广场新出精装好房 有钥匙随时看房 位置好出行方便 诚心卖,1室1厅1卫·47  平米  ·  南  ·  低楼层/28层  ·  精装,江滨 世茂广场,单价16596元/m²,78
浙商国际 房东诚心出售的，看房方便 楼下自带综合体 已营业,1室0厅1卫·33.74  平米  ·  西  ·  中楼层/13层  ·  简装,笕桥 浙商国际中心,单价17783元/m²,60
塘河北村 东边套 采光非常好 两室两厅的格局 可以直接入住！,2室2厅1卫·70.04  平米  ·  南  ·  高楼层/8层  ·  简装,塘河 塘河北村,单价34980元/m²,245
现代印象广场+近宝龙城市广场+不限购不限贷 诚心出售,1室2厅1卫·59.04  平米  ·  南  ·  高楼层/30层  ·  精装,彩虹城 现代印象广场,单价18631元/m²,110
塘河新村 中间三楼，南北通透！两房朝南一房北，看中可谈！,3室1厅1卫·66.27  平米  ·  南北  ·  中楼层/6层  ·  简装,塘河 塘河新村,单价34707元/m²,230
融科瑷骊山 自住精装 凤凰公园站在建 高楼层 采光好,2室2厅1卫·89.32  平米  ·  西  ·  高楼层/12层  ·  精装,转塘 融科瑷骊山,单价32468元/m²,290
保俶路 两房总价低 南北向，西湖近 楼层好采光好,2室1厅1卫·52.98  平米  ·  南北  ·  中楼层/7层  ·  简装,省府 保俶路,单价56625元/m²,300
满两年 清爽小户型 朝南 采光无影响 随时看房,1室1厅1卫·36.47  平米  ·  南  ·  底层/18层  ·  精装,临平 晴彩巴厘,单价20839元/m²,76
临江花园 三房 两房朝南 东边套 中高楼层,3室2厅2卫·126.57  平米  ·  东南  ·  中楼层/18层  ·  简装,彩虹城 临江花园,单价37529元/m²,475
精装房 楼层好 采光无遮挡 家电家具全送 拎包入住,3室2厅1卫·85.96  平米  ·  南  ·  高楼层/16层  ·  精装,丁桥 上东名筑,单价33737元/m²,290
西湖边曙光三弄好房，小区闹中取静,2室1厅1卫·46.6  平米  ·  南  ·  中楼层/5层  ·  简装,黄龙 曙光三弄,单价66524元/m²,310
金沙湖新出小户型，总价低，诚心卖，位置好，出行方便，随时看,2室1厅1卫·59.97  平米  ·  西  ·  高楼层/22层  ·  精装,金沙湖 龙湖滟澜山,单价36685元/m²,220
彩虹城江景房，装修简单清爽保养新，随时可看房,3室2厅2卫·157.32  平米  ·  南北  ·  低楼层/30层  ·  精装,彩虹城 彩虹城,单价47674元/m²,750
房东诚心 看房方便 装修清爽 采光棒,2室1厅1卫·51.54  平米  ·  南北  ·  高楼层/7层  ·  简装,翠苑 翠苑一区,单价44626元/m²,230
德胜东村 两房南位置好 清爽装修 配套成熟，刚需过度好选择,2室1厅1卫·54.97  平米  ·  南  ·  中楼层/6层  ·  简装,德胜 德胜东村,单价35838元/m²,197
香悦奥府，三房户型好，三开间朝南，中高楼层看房方便,3室2厅2卫·86.44  平米  ·  南  ·  高楼层/27层  ·  精装,萧山经济开发区 新城澜颂奥府,单价40491元/m²,350
总价低 精装修，南北通透，视野开阔，配套成熟,1室0厅1卫·32.37  平米  ·  南  ·  顶层/7层  ·  精装,潮鸣 潮鸣苑,单价47884元/m²,155
天地实验 两房朝南 厅朝南 全明户型电梯房 精装修,2室2厅1卫·89.87  平米  ·  南  ·  中楼层/28层  ·  精装,近江 望江家园东园,单价53410元/m²,480
景芳六区 钱江新城板块 清爽装修，中间楼层，配套齐全 刚需房,1室0厅1卫·36.73  平米  ·  南  ·  中楼层/7层  ·  简装,景芳 景芳六区,单价41655元/m²,153
随时看房，有钥匙，业主诚心出售，选诚园这套房子不看遗憾！,4室2厅3卫·198.46  平米  ·  南北  ·  顶层/13层  ·  精装,西溪 西溪诚园,单价75582元/m²,1500
景江城市花园 观景房 交通便利 性价比高 看房方便,4室2厅2卫·180.4  平米  ·  南北  ·  低楼层/33层  ·  简装,近江 景江城市花园,单价46009元/m²,830
景芳一区 两房朝南 装修清爽 厨卫全明 户型通透,2室2厅1卫·57.61  平米  ·  南北  ·  高楼层/7层  ·  简装,景芳 景芳一区,单价41659元/m²,240
东方星城 城东新城，滨江品质小区，三房两厅两卫，,3室2厅2卫·89.19  平米  ·  南北  ·  低楼层/17层  ·  毛坯,笕桥 东方星城,单价43727元/m²,390
闹中取静 南北通透 户型正气,2室1厅1卫·51.25  平米  ·  南  ·  中楼层/7层  ·  简装,清泰 南班巷,单价44878元/m²,230
绿城蓝庭，万宝城旁，三口之家，全明户型，诚售,3室2厅2卫·140.74  平米  ·  南北  ·  低楼层/12层  ·  毛坯,临平 绿城蓝庭,单价20250元/m²,285
美和院，美院边音乐学院旁，4.9米精装LOFT，装修25万,2室2厅2卫·43.36  平米  ·  北  ·  底层/15层  ·  精装,银湖 美和院,单价28828元/m²,125
大浒少有全明户型 正气两房 中间楼层 采光好无遮挡,2室2厅1卫·74.19  平米  ·  南  ·  高楼层/17层  ·  简装,大关 大浒东苑,单价37741元/m²,280
新安天苑 卖小文澜全明两房 两室两厅一卫 看房方便有钥匙,2室2厅1卫·84.65  平米  ·  南  ·  高楼层/24层  ·  毛坯,桥西 新安天苑,单价35440元/m²,300
绿洲花园上塘河景观,3室2厅2卫·117  平米  ·  南北  ·  中楼层/19层  ·  简装,打铁关 绿洲花园,单价51282元/m²,600
小高层，大四房，赠送入户花园，户型正气，全明户型。,3室2厅1卫·87.64  平米  ·  南北  ·  低楼层/11层  ·  简装,桥西 上河湾,单价49863元/m²,437
房东诚售 大两房 采光好 滨江区块,2室2厅1卫·69.7  平米  ·  南北  ·  低楼层/5层  ·  简装,白马湖 水沟沿路,单价31564元/m²,220
万科大家钱塘府，精装全配，运河景观。看房有钥匙！,4室2厅1卫·89.24  平米  ·  南北  ·  中楼层/26层  ·  精装,景芳 钱塘府,单价68915元/m²,615
"三里家园一区两房,采光无遮挡,全明户型,房东诚心出售",3室2厅1卫·97.04  平米  ·  南北  ·  底层/6层  ·  毛坯,三里亭 三里家园一区,单价30915元/m²,300
泊林春天毛坯好房诚心出售,4室2厅2卫·106.87  平米  ·  南  ·  高楼层/33层  ·  毛坯,钱江世纪城 泊林春天,单价32376元/m²,346
临江风帆 电梯三房 全明加南北通透 格局分布合理 业主诚售,3室2厅2卫·118.38  平米  ·  南  ·  中楼层/19层  ·  简装,近江 临江风帆,单价46461元/m²,550
看房有钥匙 房东诚心出售 低总价 拎包入住 公园旁,1室1厅1卫·47.87  平米  ·  北  ·  中楼层/19层  ·  简装,临平 都市港湾,单价17130元/m²,82
清怡花园 南北通透 179平方 四室两厅两卫 东边套,4室2厅2卫·178.54  平米  ·  南北  ·  高楼层/6层  ·  毛坯,复兴 清怡花苑,单价43016元/m²,768
浙一浙二附近   匠心精装物以稀为贵,2室1厅1卫·52.43  平米  ·  东西  ·  顶层/7层  ·  毛坯,潮鸣 叶家弄,单价38146元/m²,200
崇庆里新出1房可做两房  楼层好采光佳  出门是运河广场,1室1厅1卫·47.62  平米  ·  南北  ·  中楼层/5层  ·  毛坯,拱宸桥 崇庆里,单价35699元/m²,170
江南摩卡 小区环境好，绿化广，高层正规二房户型，采光佳,2室2厅1卫·88.16  平米  ·  南  ·  中楼层/28层  ·  精装,闻堰 江南摩卡,单价31193元/m²,275
戈雅公寓 稀缺多层洋房 精装修刚需两房 光线无遮挡 临滨江,2室2厅1卫·79.57  平米  ·  南  ·  中楼层/5层  ·  精装,闻堰 戈雅公寓,单价32676元/m²,260
林之语嘉园 精装修 全明户型 中间楼层 三期 诚售,2室2厅1卫·72.48  平米  ·  南  ·  高楼层/17层  ·  精装,钱江世纪城 林之语嘉园,单价29663元/m²,215
丁香公寓 保  小品质物业楼层好业主诚心卖,1室1厅1卫·64.45  平米  ·  南  ·  高楼层/16层  ·  精装,黄龙 丁香公寓,单价57409元/m²,370
大学路新村 南北通透 户型正气 全明户型 诚心出售,2室0厅1卫·51.9  平米  ·  南北  ·  高楼层/7层  ·  简装,潮鸣 大学路新村,单价43353元/m²,225
保利湾天地 精装修大两房 主卧内设精美衣帽间诚心出售,2室2厅2卫·46.24  平米  ·  西  ·  低楼层/17层  ·  精装,江滨 保利湾天地,单价21194元/m²,98
紫金庭园 新上带花园三房 自住装修 看房联系,3室2厅1卫·105.17  平米  ·  南  ·  底层/6层  ·  简装,文三西路 紫金庭园,单价42788元/m²,450
大学路新村 南北通透 精装修 全明户型 诚心出售,2室2厅1卫·60.2  平米  ·  南北  ·  高楼层/7层  ·  精装,潮鸣 大学路新村,单价41196元/m²,248
桃源新区 大两房总价低 楼层好 无税,2室2厅1卫·88.76  平米  ·  南  ·  低楼层/20层  ·  简装,半山田园 桃源新区,单价26476元/m²,235
林之语嘉园 精装修 两房朝南 满两年 中间楼层 全明户型,2室2厅1卫·72.7  平米  ·  南北  ·  中楼层/15层  ·  精装,钱江世纪城 林之语嘉园,单价29574元/m²,215
候潮路 三开间朝南，阳光充足，朝南双阳台，多层三楼,2室1厅1卫·56.32  平米  ·  南  ·  中楼层/6层  ·  简装,雄镇楼 候潮路,单价44389元/m²,250
柠檬公寓 育才洄澜 精装修 两室两厅一卫 满两年 诚心出售,2室2厅1卫·94.17  平米  ·  南  ·  中楼层/30层  ·  精装,南部卧城 柠檬公寓,单价29946元/m²,282
西溪诚园 刚需两房户型拎包入住看房方便 房东诚心出售,2室2厅1卫·87.38  平米  ·  南  ·  中楼层/14层  ·  精装,西溪 西溪诚园,单价64088元/m²,560
采荷绿萍  两房朝南 带餐厅 小区中间位置 配套齐全,2室1厅1卫·43.67  平米  ·  南  ·  中楼层/6层  ·  精装,南肖埠 采荷绿萍,单价45798元/m²,200
白马山庄 精装3室2厅1卫 视野开阔,3室2厅1卫·90.48  平米  ·  南北  ·  低楼层/32层  ·  精装,小和山 白马山庄,单价26194元/m²,237
杭庭  装修精致，奢华电梯洋房让生活空间更惬意,3室2厅2卫·105.41  平米  ·  南  ·  高楼层/18层  ·  精装,老余杭 杭庭,单价31117元/m²,328
天时苑 新上东边套，户型方正，全明户型,4室2厅2卫·149.59  平米  ·  南  ·  中楼层/7层  ·  简装,德胜 天时苑,单价41781元/m²,625
窑背巷 带20多方 大院子，南北通透，装修清爽,2室1厅1卫·52.99  平米  ·  南北  ·  底层/6层  ·  简装,省府 窑背巷,单价57181元/m²,303
白洋港城 精装西边套 3房2厅2卫 客厅超大落地窗采光,3室2厅2卫·89.09  平米  ·  南北  ·  高楼层/26层  ·  精装,勾庄 白洋港城,单价31429元/m²,280
中海紫藤苑 精装修好房 大两房,2室2厅1卫·76.1  平米  ·  南  ·  中楼层/11层  ·  简装,三墩 中海紫藤苑,单价39159元/m²,298
临平欢乐城 南苑站出口 两房朝南 客厅朝南 装修清爽,3室2厅1卫·88.37  平米  ·  南北  ·  低楼层/34层  ·  简装,临平 临平欢乐城,单价24895元/m²,220
窑背巷 南北通透  二南一北，东边套，双阳台，南北通透,3室2厅1卫·82.29  平米  ·  南  ·  中楼层/5层  ·  简装,省府 窑背巷,单价53348元/m²,439
木庵小区 明户型 南北通透 多房朝南,3室1厅1卫·68.39  平米  ·  南北  ·  中楼层/7层  ·  简装,宝善 木庵小区,单价43866元/m²,300
京惠花园  新上三房  两房朝南 南北通透  有车库,3室1厅1卫·82.14  平米  ·  南  ·  中楼层/7层  ·  简装,闸弄口 京惠花园,单价40175元/m²,330
名景台 中等装修 诚心置换 满二没有营业税,3室2厅1卫·88.81  平米  ·  南  ·  低楼层/16层  ·  简装,丁桥 名景台,单价35131元/m²,312
盛世钱塘花园 新出大四房 少有好户型,4室2厅2卫·188.67  平米  ·  东  ·  高楼层/33层  ·  精装,钱江新城 盛世钱塘花园,单价79504元/m²,1500
信义坊 好房子诚心出售 只等有缘人的到来 走过的路过的别错过,3室1厅1卫·95.44  平米  ·  南  ·  低楼层/25层  ·  简装,塘河 信义坊,单价39816元/m²,380
北国之春 豪华装修入住时间只有半年 毗邻运河广场生活便利,2室2厅1卫·93.27  平米  ·  南  ·  中楼层/6层  ·  精装,拱宸桥 北国之春,单价46639元/m²,435
锦绣新村 2003年多层，紧靠运河，满五年无税。,2室2厅1卫·69.5  平米  ·  南北  ·  高楼层/7层  ·  简装,湖墅 锦绣新村,单价41727元/m²,290
晓宸府 新出，欧美式精装修自住，黄金楼层，诚心出售。,3室2厅1卫·88.84  平米  ·  南  ·  中楼层/18层  ·  精装,万达广场 晓宸府,单价46713元/m²,415
